hd,ra,dec,flamsteed,bayer,const,propername,mag
40907,90.0314,-38.1676,,,,,8.59
41371,90.0321,-64.3100,,,,,7.09
40852,90.0465,-30.8642,,,,,8.22
40939,90.0610,-37.6165,,,,,8.31
41002,90.0742,-44.0058,,,,,7.32
41466,90.0775,-66.2243,,,,,9.52
41340,90.0793,-61.9988,,,,,8.83
41091,90.0803,-48.4353,,,,,8.69
40887,90.0816,-31.0287,,,,,7.85
40951,90.1082,-37.0398,,,,,8.5
41022,90.1107,-42.4754,,,,,9.22
41327,90.1131,-60.4943,,,,,9.25
41248,90.1363,-56.1618,,,,,8.82
41187,90.1446,-51.4680,,,,,8.12
40917,90.1485,-30.0840,,,,,8.64
41296,90.1489,-58.1021,,,,,6.97
41411,90.1512,-62.8122,,,,,8.59
41232,90.1522,-54.6910,,,,,8.71
41156,90.1633,-48.0650,,,,,9.15
41071,90.1721,-44.8972,,,,,9.09
41395,90.1976,-60.8926,,,,,8.53
41133,90.2025,-46.0127,,,,,8.9
41214,90.2049,-51.2163,,,,,5.65
41089,90.2126,-42.8705,,,,,6.58
41186,90.2196,-48.9799,,,,,8.88
41278,90.2306,-54.9513,,,,,7.4
41070,90.2630,-37.0716,,,,,7.1
41515,90.2726,-63.7300,,,,,8.46
41155,90.2732,-43.9031,,,,,7.69
41354,90.2768,-57.7841,,,,,8.81
41069,90.2874,-36.4689,,,,,7.7
41019,90.2898,-31.7265,,,,,8.46
41087,90.2934,-38.2737,,,,,9.04
41451,90.3111,-60.4856,,,,,6.93
41047,90.3179,-33.9118,,,,,5.54
41200,90.4101,-40.2647,,,,,9.89
41295,90.4115,-49.0851,,,,,8.29
41199,90.4147,-40.1368,,,,,9.33
41150,90.4159,-35.0438,,,,,7.17
41441,90.4231,-56.9853,,,,,7.98
41802,90.4308,-67.8641,,,,,9.32
41246,90.4554,-42.0018,,,,,9.05
41540,90.4673,-60.2261,,,,,9.35
41687,90.4741,-64.8606,,,,,7.01
41182,90.4908,-34.5125,,,,,8.68
41245,90.5265,-38.9893,,,,,6.82
41586,90.5389,-60.0968,,,,,6.41
41704,90.5415,-63.5453,,,,,8.86
41369,90.5588,-47.4168,,,,,8.39
41323,90.5612,-44.0093,,,,,8.72
41555,90.5616,-58.2216,,,,,8.05
41353,90.5726,-46.2264,,,,,9.1
41211,90.5826,-30.0145,,,,,8.41
41352,90.6732,-41.1573,,,,,9.87
41554,90.6775,-54.1225,,,,,9.44
41596,90.6789,-56.9429,,,,,8.16
41553,90.7010,-53.5828,,,,,7.08
41291,90.7192,-30.4080,,,,,9.07
41748,90.7399,-61.1930,,,,,9.28
41494,90.7497,-48.3136,,,,,9.46
41576,90.7550,-52.1139,,,,,8.48
41393,90.7632,-37.5471,,,,,6.88
41392,90.7848,-36.8729,,,,,6.9
41746,90.7893,-59.6069,,,,,8.01
41904,90.7939,-63.7513,,,,,8.5
41424,90.8033,-37.9627,,,,,9.16
41351,90.8261,-32.0796,,,,,8.82
41652,90.8500,-53.8904,,,,,7.46
42288,90.9409,-69.7102,,,,,9.05
41492,90.9970,-35.1185,,,,,8.81
41761,90.9996,-54.1323,,,,,9.34
41702,90.9996,-51.0986,,,,,7.46
41633,91.0016,-45.7248,,,,,8.73
41670,91.0124,-47.4460,,,,,9.28
41574,91.0289,-39.8363,,,,,8.17
41779,91.0500,-52.8936,,,,,8.3
41612,91.0607,-41.1535,,,,,7.97
41979,91.0698,-59.8222,,,,,8.57
41534,91.0844,-32.1724,,,,,5.65
41650,91.0864,-43.8745,,,,,9.03
41552,91.0897,-33.5387,,,,,9.06
41573,91.1130,-33.9418,,,,,8.82
41700,91.1186,-45.0366,,,,,6.35
41743,91.1265,-47.4806,,,,,8.05
41701,91.1266,-45.1966,,,,,6.92
42028,91.1287,-60.6028,,,,,8.71
41631,91.1504,-36.7094,,,,,8.65
41630,91.1536,-36.6532,,,,,8.31
41742,91.1672,-45.0789,,,,,5.93
41824,91.1946,-48.4583,,,,,6.6
41778,91.2228,-44.9152,,,,,8.04
41685,91.2590,-35.7992,,,,,8.47
41667,91.2652,-32.9941,,,,,8.53
42149,91.2674,-61.2823,,,,,8.1
42026,91.2780,-56.2331,,,,,6.76
41684,91.2970,-32.7309,,,,,8.01
41822,91.3104,-42.4620,,,,,8.48
42025,91.3144,-54.4084,,,,,7.17
41903,91.3299,-46.9494,,,,,8.0
41759,91.3632,-35.5136,,,,,5.8
41741,91.3684,-33.5019,,,,,7.44
41821,91.3748,-40.0607,,,,,7.82
42009,91.3787,-51.3028,,,,,9.13
41758,91.4223,-31.3912,,,,,8.75
42287,91.4252,-61.7486,,,,,7.84
42193,91.4384,-57.9883,,,,,8.56
42120,91.4451,-54.5094,,,,,8.31
41937,91.4584,-43.9364,,,,,7.51
41957,91.4908,-42.7906,,,,,8.68
42465,91.4946,-65.3072,,,,,8.94
42211,91.5077,-55.9694,,,,,8.08
42286,91.5151,-59.5432,,,,,8.45
41863,91.5233,-33.2192,,,,,6.7
41936,91.5318,-38.9719,,,,,9.17
42363,91.5475,-61.4386,,,,,9.84
42024,91.5482,-45.8160,,,,,7.24
41883,91.5758,-31.6707,,,,,8.86
42170,91.5769,-52.3213,,,,,8.26
42720,91.5850,-69.2583,,,,,8.85
42192,91.5908,-53.0855,,,,,8.9
42629,91.5981,-67.4211,,,,,8.2
41935,91.6026,-34.7232,,,,,8.29
42328,91.6618,-56.1007,,,,,8.45
42058,91.6642,-41.2200,,,,,7.01
42169,91.6798,-49.2221,,,,,7.2
42505,91.6825,-62.6826,,,,,9.4
41977,91.6898,-31.4168,,,,,7.42
42701,91.7106,-67.2833,,,,,6.7
42191,91.7157,-48.6897,,,,,8.83
42190,91.7492,-46.2056,,,,,6.83
42168,91.7578,-45.0915,,,,,6.48
42540,91.7641,-62.1546,,,,,5.04
42054,91.7653,-34.3120,,,,,5.82
42044,91.7824,-31.8975,,,,,7.92
42649,91.7973,-64.3884,,,,,8.22
42137,91.8214,-37.0366,,,,,7.68
42138,91.8285,-37.2001,,,,,7.25
42524,91.8516,-58.7738,,,,,8.3
42099,91.8574,-30.6272,,,,,8.16
42136,91.8715,-35.2246,,,,,7.79
42166,91.8782,-36.3094,,,,,7.8
42490,91.8953,-55.7055,,,,,8.09
42164,91.9205,-34.4863,,,,,8.07
42165,91.9230,-34.6400,,,,,7.18
271924,91.9405,-66.9775,,,,,11.94
42304,91.9458,-44.7293,,,,,6.76
42754,91.9503,-64.4416,,,,,9.25
42247,91.9724,-38.6438,,,,,8.6
42345,91.9846,-44.4783,,,,,8.31
42504,91.9872,-54.4393,,,,,7.68
42668,92.0428,-58.9689,,,,,9.67
42489,92.0531,-50.9933,,,,,8.83
42538,92.0568,-53.2828,,,,,8.21
42647,92.0663,-57.9317,,,,,8.67
42587,92.0712,-55.2390,,,,,8.9
42537,92.0715,-52.5381,,,,,8.92
42449,92.0742,-46.8496,,,,,8.2
42488,92.0774,-49.7466,,,,,7.91
42803,92.0862,-63.2220,,,,,9.21
42391,92.1177,-41.2736,,,,,8.12
42448,92.1443,-44.3562,,,,,6.26
42447,92.1649,-42.8067,,,,,8.68
42463,92.1938,-43.8122,,,,,7.49
42764,92.2002,-59.4657,,,,,7.94
42627,92.2026,-52.1357,,,,,7.97
42390,92.2061,-36.1297,,,,,8.02
42612,92.2164,-50.6750,,,,,8.64
42426,92.2410,-38.0648,,,,,8.0
42989,92.2587,-65.0864,,,,,8.37
42503,92.2607,-41.1180,,,,,7.43
42626,92.3445,-46.2802,,,,,9.1
42683,92.3476,-49.5628,,,,,6.48
42667,92.3651,-47.2553,,,,,9.43
42719,92.3655,-51.3894,,,,,7.51
42644,92.3738,-46.3477,,,,,8.92
42666,92.3853,-46.6770,,,,,9.07
42487,92.3943,-32.0671,,,,,8.41
42918,92.4077,-59.5221,,,,,7.98
42519,92.4085,-34.1802,,,,,8.44
42625,92.4147,-41.9804,,,,,7.28
42732,92.4273,-49.5342,,,,,8.68
42816,92.4970,-51.4063,,,,,8.2
42836,92.5072,-52.7994,,,,,8.49
43225,92.5089,-65.9030,,,,,8.73
42570,92.5311,-30.9091,,,,,8.96
42664,92.5357,-39.2089,,,,,8.77
42682,92.5434,-40.3538,,,,,5.54
42699,92.5523,-41.2344,,,,,8.95
42663,92.5600,-37.8508,,,,,8.9
42853,92.6164,-48.9564,,,,,7.65
42753,92.6267,-40.7349,,,,,8.99
43376,92.6273,-67.4646,,,,,9.29
42698,92.6330,-34.8168,,,,,6.65
43092,92.6501,-58.8544,,,,,7.69
42834,92.6664,-45.2820,,,,,6.28
42697,92.6678,-33.1021,,,,,8.99
43144,92.7081,-59.8006,,,,,8.03
43199,92.7203,-61.4998,,,,,7.45
42731,92.7568,-31.7740,,,,,7.66
43312,92.7646,-63.2742,,,,,9.15
42890,92.7663,-44.8741,,,,,8.06
42902,92.8083,-44.2245,,,,,8.92
42917,92.8142,-44.9143,,,,,7.22
42801,92.8148,-33.8708,,,,,7.36
43678,92.8391,-69.7603,,,,,7.97
43258,92.8415,-60.0600,,,,,8.39
42931,92.8755,-41.5786,,,,,9.31
42833,92.8869,-31.5195,,,,,9.13
43143,92.8901,-54.1322,,,,,8.15
43034,92.9231,-46.3264,,,,,8.81
43222,92.9299,-55.8018,,,,,8.8
42969,92.9510,-40.4182,,,,,8.68
43493,92.9566,-63.9293,,,,,8.91
43551,92.9642,-65.5484,,,,,8.23
43140,92.9667,-50.7928,,,,,7.87
43639,93.0587,-65.5340,,,,,8.6
43011,93.0592,-36.7566,,,,,9.17
43434,93.0685,-60.2560,,,,,8.01
42968,93.0935,-30.4815,,,,,8.4
43033,93.1141,-35.2559,,,,,8.78
43071,93.1215,-36.5637,,,,,6.88
43138,93.1308,-43.0063,,,,,7.79
43519,93.1342,-61.4740,,,,,6.59
43032,93.1577,-32.2236,,,,,8.67
43868,93.1625,-69.2401,,,,,8.15
43180,93.1690,-43.6290,,,,,8.31
43106,93.1816,-36.6320,,,,,8.18
43311,93.2281,-49.4121,,,,,9.09
43295,93.2331,-49.0543,,,,,8.71
43473,93.2625,-56.3560,,,,,8.95
43240,93.2691,-41.9485,,,,,8.53
43105,93.2701,-30.5707,,,,,8.94
43119,93.3074,-30.0862,,,,,7.99
43239,93.3159,-40.5617,,,,,8.75
43550,93.3791,-56.0743,,,,,9.5
43492,93.3905,-51.9689,,,,,8.93
43372,93.4121,-45.0382,,,,,8.05
43598,93.4185,-56.9184,,,,,6.77
43921,93.4207,-66.6800,,,,,7.28
43504,93.4240,-51.6675,,,,,6.85
43325,93.4675,-37.5597,,,,,8.1
43942,93.4760,-66.1738,,,,,7.67
43769,93.5049,-61.4732,,,,,9.48
43418,93.5099,-41.2826,,,,,9.02
43310,93.5160,-33.1940,,,,,9.28
43452,93.5498,-41.6605,,,,,7.7
43597,93.5553,-51.5846,,,,,9.25
43548,93.5583,-49.8162,,,,,8.81
43638,93.5584,-53.3775,,,,,8.41
43579,93.5896,-49.1125,,,,,9.0
43547,93.5994,-47.3449,,,,,8.39
43491,93.6051,-42.0966,,,,,8.49
43677,93.6291,-53.0794,,,,,8.81
43534,93.6468,-43.2387,,,,,8.79
43451,93.6549,-35.4525,,,,,9.54
43637,93.7013,-47.0118,,,,,8.27
43430,93.7015,-30.1703,,,,,8.96
43675,93.7059,-48.4097,,,,,8.55
43957,93.7140,-62.2839,,,,,8.32
43450,93.7276,-30.8533,,,,,7.63
44026,93.7976,-62.3700,,,,,8.32
43850,93.8257,-54.5586,,,,,9.01
43575,93.8459,-34.9516,,,,,8.3
44013,93.8488,-60.6519,,,,,8.89
44106,93.8668,-63.4348,,,,,9.48
43574,93.8717,-32.5347,,,,,8.18
43659,93.8756,-39.3321,,,,,8.63
43976,93.9119,-57.7015,,,,,8.88
44247,93.9145,-66.2923,,,,,7.32
43767,93.9186,-46.1320,,,,,8.29
43790,93.9501,-45.9325,,,,,9.48
43719,93.9706,-40.1718,,,,,8.9
44059,93.9761,-59.1530,,,,,8.94
43788,93.9836,-44.4264,,,,,8.71
43789,93.9857,-44.6196,,,,,8.57
43918,94.0117,-50.9772,,,,,8.94
44001,94.0268,-54.6782,,,,,8.9
43956,94.0292,-52.5705,,,,,9.77
43787,94.0349,-41.6415,,,,,8.82
43718,94.0541,-34.0545,,,,,7.86
43901,94.0580,-47.8295,,,,,8.23
44105,94.0633,-59.2193,,,,,7.76
44120,94.0784,-59.2135,,,,,6.44
43765,94.1135,-35.4309,,,,,7.19
43848,94.1306,-40.5319,,,,,8.65
43847,94.1483,-39.2644,,,,,6.0
44578,94.1746,-69.0761,,,,,7.49
43941,94.1875,-43.6440,,,,,7.34
43900,94.1924,-41.5318,,,,,9.07
44104,94.2002,-54.6170,,,,,7.67
43784,94.2076,-31.5714,,,,,8.42
43881,94.2099,-39.6326,,,,,8.19
43866,94.2127,-35.9035,,,,,8.44
43899,94.2551,-37.7374,,,,,5.54
44164,94.2696,-55.4147,,,,,7.62
43898,94.2746,-35.9675,,,,,7.89
43940,94.2899,-37.2535,,,,,5.88
44268,94.3116,-58.1654,,,,,8.92
43865,94.3235,-31.0237,,,,,9.32
44325,94.4090,-58.5257,,,,,8.69
44246,94.4145,-53.9787,,,,,7.13
44058,94.4201,-40.6585,,,,,8.0
44206,94.4408,-51.4413,,,,,7.73
44577,94.4575,-64.0302,,,,,7.53
44146,94.4583,-47.3672,,,,,8.89
43974,94.4650,-31.0092,,,,,7.45
44267,94.4656,-52.7330,,,,,6.4
44227,94.4719,-50.5107,,,,,8.81
44205,94.4780,-49.4141,,,,,8.3
44344,94.4990,-56.8723,,,,,8.91
44295,94.5231,-53.5591,,,,,6.86
44364,94.5258,-56.4441,,,,,8.23
44057,94.5395,-33.3089,,,,,8.55
44407,94.5432,-57.3364,,,,,8.06
44245,94.5670,-48.6990,,,,,8.5
44204,94.5817,-43.6957,,,,,8.85
44864,94.5864,-69.1623,,,,,7.6
44277,94.6122,-48.0386,,,,,7.43
44446,94.6197,-57.0000,,,,,7.81
44382,94.6351,-53.6310,,,,,7.55
44163,94.6489,-38.8948,,,,,7.34
44136,94.6653,-33.5945,,,,,9.14
44184,94.6874,-35.9103,,,,,7.73
44752,94.6878,-64.7895,,,,,9.15
44362,94.6949,-50.3591,,,,,7.03
44778,94.7110,-65.1135,,,,,9.51
44324,94.7462,-45.8922,,,,,8.97
44311,94.7503,-43.5896,,,,,9.12
44293,94.7727,-41.0744,,,,,7.76
44265,94.7960,-36.5260,,,,,8.15
44627,94.8038,-58.0543,,,,,9.13
45021,94.8124,-68.8314,,,,,9.16
45080,94.8133,-69.7846,,,,,6.91
44444,94.8272,-48.4089,,,,,7.96
44310,94.8287,-37.4629,,,,,8.68
44898,94.8438,-66.0603,,,,,8.39
44309,94.8664,-36.4744,,,,,8.96
44405,94.8686,-42.8864,,,,,8.07
44880,94.9104,-63.8236,,,,,6.86
44777,94.9201,-61.3258,,,,,9.15
44323,94.9206,-34.3966,,,,,5.76
44466,94.9486,-42.7526,,,,,7.91
44381,94.9491,-37.0511,,,,,9.36
44404,94.9498,-39.4865,,,,,6.61
44360,94.9505,-35.5529,,,,,8.54
44468,94.9567,-43.8999,,,,,8.17
44467,94.9572,-43.0125,,,,,8.6
44403,94.9613,-39.4799,,,,,8.19
44846,94.9994,-61.3296,,,,,6.95
44343,95.0018,-30.4545,,,,,8.99
44594,95.0253,-48.7411,,,,,6.61
44591,95.0314,-47.2096,,,,,9.02
44590,95.0552,-46.1046,,,,,8.61
44530,95.0583,-42.0165,,,,,8.68
44465,95.0727,-36.3532,,,,,7.85
45160,95.1005,-67.9456,,,,,9.56
44666,95.1123,-49.1043,,,,,6.81
44528,95.1221,-37.5037,,,,,8.05
44463,95.1280,-32.6023,,,,,9.04
44506,95.1510,-34.1441,,,,,5.55
44553,95.1601,-38.1598,,,,,8.74
44688,95.1705,-46.6780,,,,,7.92
44552,95.1712,-35.6480,,,,,8.59
44574,95.1810,-36.6993,,,,,9.32
45079,95.1891,-63.9307,,,,,8.17
44665,95.1950,-44.7892,,,,,8.37
44526,95.1981,-33.5832,,,,,8.23
44610,95.2282,-37.4935,,,,,7.88
45038,95.2300,-62.3541,,,,,7.65
44937,95.2412,-58.3521,,,,,8.21
44878,95.2580,-54.9346,,,,,8.43
44687,95.2777,-41.5536,,,,,9.4
44624,95.2895,-35.1246,,,,,8.51
44737,95.2971,-44.7586,,,,,7.7
45292,95.3105,-67.5831,,,,,9.18
44764,95.3306,-44.7736,,,,,8.81
44919,95.3448,-54.3517,,,,,8.36
45058,95.3543,-60.0220,,,,,6.96
44643,95.3569,-33.0717,,,,,7.63
44862,95.3976,-49.3353,,,,,8.59
44877,95.4146,-49.5465,,,,,9.36
45002,95.4198,-56.3623,,,,,6.79
44958,95.4586,-51.2377,,,,,6.74
44845,95.4836,-42.2714,,,,,8.6
44804,95.4869,-40.8807,,,,,9.25
44748,95.4886,-34.5122,,,,,9.12
44746,95.5130,-30.5335,,,,,7.57
44776,95.5182,-35.0436,,,,,7.24
44844,95.5537,-39.2194,,,,,7.89
44916,95.5875,-43.8729,,,,,8.91
44972,95.5967,-45.9603,,,,,6.84
45270,95.6289,-60.2187,,,,,6.53
45035,95.6546,-48.7729,,,,,9.04
45100,95.6608,-50.9645,,,,,9.43
45503,95.6649,-66.3125,,,,,8.67
45077,95.6800,-50.1015,,,,,8.03
44915,95.7132,-34.4528,,,,,8.51
45462,95.7160,-64.5433,,,,,8.16
45034,95.7165,-45.9204,,,,,8.45
44896,95.7240,-33.6146,,,,,7.25
45056,95.7299,-45.6289,,,,,6.73
45116,95.7449,-49.5904,,,,,8.78
45461,95.7561,-63.6831,,,,,6.3
45616,95.7945,-67.0054,,,,,8.82
44979,95.8043,-34.9968,,,,,6.53
45159,95.8072,-48.5697,,,,,8.51
45076,95.8085,-43.9816,,,,,8.39
44956,95.8103,-31.7903,,,,,6.31
45133,95.8110,-46.8234,,,,,8.41
44934,95.8157,-30.9455,,,,,7.68
45408,95.8883,-58.1791,,,,,8.62
45366,95.8983,-56.8061,,,,,10.0
45033,95.9151,-33.3195,,,,,7.43
45098,95.9385,-37.0146,,,,,6.89
45450,95.9455,-58.5439,,,,,6.47
45114,95.9688,-36.0714,,,,,8.74
45228,95.9908,-45.9474,,,,,7.86
45819,95.9930,-68.6009,,,,,8.3
45145,96.0042,-36.7078,,,,,5.62
45096,96.0129,-31.7734,,,,,8.23
45171,96.0152,-39.7028,,,,,8.0
45158,96.0255,-36.7030,,,,,6.84
45347,96.0305,-50.5298,,,,,7.85
45557,96.0577,-60.2813,,,,,5.78
45113,96.0678,-31.1586,,,,,9.01
45426,96.0720,-53.5759,,,,,9.16
45751,96.0733,-65.6762,,,,,7.62
45556,96.0890,-59.0888,,,,,8.51
45170,96.0948,-35.2829,,,,,8.33
45201,96.1011,-37.5338,,,,,9.1
45289,96.1015,-42.8475,,,,,6.67
45701,96.1108,-63.4289,,,,,6.45
45244,96.1581,-38.2725,,,,,8.3
45346,96.1823,-43.4057,,,,,8.66
45331,96.1847,-41.6704,,,,,8.56
45306,96.1854,-40.2840,,,,,6.3
45268,96.1941,-36.5975,,,,,7.91
45847,96.2141,-65.7748,,,,,8.61
45987,96.2155,-68.8031,,,,,8.97
45441,96.2262,-46.9360,,,,,8.51
45796,96.2325,-63.8281,,,,,6.26
45440,96.2511,-46.4975,,,,,8.98
45614,96.2743,-55.7253,,,,,7.54
45345,96.3179,-34.3784,,,,,8.81
45555,96.3211,-51.8397,,,,,8.8
45526,96.3286,-49.6003,,,,,8.46
45845,96.3516,-63.3141,,,,,9.1
45817,96.3535,-62.4227,,,,,8.23
45683,96.3556,-56.2143,,,,,8.26
45329,96.3572,-31.1522,,,,,8.38
45406,96.3588,-36.2989,,,,,10.03
45383,96.3750,-35.0642,,,,,6.24
45424,96.4077,-35.0391,,,,,7.18
45364,96.4103,-31.4810,,,,,8.08
45613,96.4176,-51.1342,,,,,8.69
45439,96.4269,-35.6974,,,,,7.88
45700,96.4300,-55.1618,,,,,9.07
45572,96.4319,-48.1769,,,,,5.76
45501,96.4430,-40.9755,,,,,7.04
45481,96.4582,-38.9356,,,,,7.31
45459,96.4898,-35.3373,,,,,7.06
45571,96.5109,-44.6260,,,,,9.36
46011,96.5370,-64.5531,,,,,8.74
45554,96.5396,-41.6369,,,,,7.96
45570,96.6042,-39.6852,,,,,8.72
45553,96.6608,-33.4155,,,,,7.14
45946,96.6816,-59.0244,,,,,8.43
45681,96.6818,-44.0675,,,,,7.7
45924,96.6821,-58.2224,,,,,8.2
45750,96.6906,-46.9887,,,,,8.38
45632,96.6976,-37.2325,,,,,8.05
45552,96.7070,-31.8720,,,,,7.92
45844,96.7239,-53.5820,,,,,8.57
45893,96.7451,-55.0333,,,,,8.5
45738,96.7466,-44.1228,,,,,7.97
45984,96.7672,-58.0021,,,,,5.82
46369,96.7696,-69.2863,,,,,8.83
45610,96.7782,-32.1668,,,,,7.16
45680,96.7816,-37.8955,,,,,6.48
45815,96.7879,-47.8212,,,,,8.07
45698,96.7972,-37.1021,,,,,8.18
46069,96.8004,-60.7286,,,,,6.97
45923,96.8330,-53.5662,,,,,8.15
45665,96.8361,-33.1140,,,,,8.41
45795,96.8491,-44.1701,,,,,8.53
46099,96.8669,-60.2772,,,,,8.19
45834,96.9501,-41.1315,,,,,7.68
46190,96.9526,-62.1499,,,,,6.61
45922,96.9630,-48.0567,,,,,9.08
45749,96.9682,-30.0599,,,,,8.56
46132,96.9865,-58.1446,,,,,9.02
46396,96.9953,-66.7544,,,,,8.42
45921,97.0091,-45.6193,,,,,8.44
46144,97.0455,-57.3353,,,,,8.72
45965,97.0682,-45.6914,,,,,8.65
46214,97.0756,-59.6179,,,,,7.63
45843,97.0757,-34.3806,,,,,8.5
46213,97.1070,-58.3543,,,,,8.4
46026,97.1119,-49.1676,,,,,8.66
46002,97.1490,-44.3481,,,,,8.85
45905,97.1517,-35.2622,,,,,8.54
45871,97.1635,-32.3713,,,,,5.74
46098,97.1680,-50.0814,,,,,8.26
45943,97.1719,-38.5709,,,,,9.06
46367,97.1744,-62.5578,,,,,8.5
45983,97.1767,-41.0749,,,,,6.32
46085,97.1799,-49.2853,,,,,8.02
46212,97.1905,-55.9172,,,,,8.27
46605,97.2087,-68.1302,,,,,9.28
45963,97.2137,-38.3152,,,,,8.31
46068,97.2168,-45.7776,,,,,7.6
45982,97.2196,-37.3414,,,,,8.18
46332,97.2355,-59.7730,,,,,7.68
46042,97.2450,-42.2923,,,,,8.09
46115,97.2484,-47.5016,,,,,8.87
46041,97.2657,-41.6260,,,,,8.47
46039,97.2796,-40.3719,,,,,7.57
46083,97.2858,-42.6744,,,,,7.91
46491,97.2930,-64.2374,,,,,8.85
46040,97.3005,-40.3803,,,,,7.88
46437,97.3289,-61.0059,,,,,7.99
46312,97.3504,-55.5114,,,,,8.63
46143,97.3638,-44.5745,,,,,8.66
46025,97.3657,-34.0941,,,,,7.95
46355,97.3688,-56.8528,,,,,5.2
46417,97.3713,-59.7675,,,,,8.16
46273,97.4545,-50.2391,,,,,5.28
46549,97.4685,-61.9846,,,,,9.4
46479,97.4804,-59.5907,,,,,6.81
46208,97.4890,-42.2778,,,,,7.54
46173,97.4940,-39.7543,,,,,8.55
46095,97.5026,-31.1745,,,,,7.55
46311,97.5113,-49.9881,,,,,8.29
46730,97.5125,-65.5682,,,,,6.28
46653,97.5357,-63.1919,,,,,8.72
46587,97.5376,-61.2654,,,,,8.35
46289,97.5510,-46.4559,,,,,9.36
46435,97.5801,-52.8713,,,,,8.64
46819,97.5947,-66.0230,,,,,7.64
46976,97.6155,-68.9477,,,,,7.93
46259,97.6231,-40.5724,,,,,8.14
46920,97.6395,-67.6027,,,,,8.94
46383,97.6406,-48.2464,,,,,8.08
46288,97.6695,-40.4481,,,,,6.68
46699,97.6867,-61.6085,,,,,8.86
46272,97.7151,-35.0004,,,,,7.14
46248,97.7197,-32.5030,,,,,8.67
46434,97.7376,-47.2576,,,,,8.31
46365,97.7496,-40.9163,,,,,6.19
46975,97.7546,-66.8707,,,,,7.22
46310,97.7631,-35.4793,,,,,8.13
46415,97.7689,-43.7171,,,,,6.68
46697,97.7738,-59.0046,,,,,7.65
46792,97.7944,-61.8795,,,,,6.15
46349,97.8046,-35.2588,,,,,5.82
47044,97.8141,-67.5809,,,,,7.91
46505,97.8157,-49.6169,,,,,7.41
46569,97.8262,-51.8260,,,,,5.58
46526,97.8334,-49.7548,,,,,8.8
46347,97.8500,-32.8685,,,,,6.31
46431,97.8956,-36.9400,,,,,6.26
46414,97.9306,-34.5004,,,,,9.02
46462,97.9383,-37.1731,,,,,7.55
46684,97.9585,-53.2623,,,,,8.69
47192,97.9627,-68.1197,,,,,7.74
46476,97.9631,-38.0714,,,,,8.16
47252,97.9866,-68.7099,,,,,8.27
46729,98.0286,-51.7138,,,,,8.95
47121,98.0412,-65.3157,,,,,7.57
47149,98.0807,-65.3710,,,,,7.92
46652,98.0816,-45.3101,,,,,7.16
46625,98.0859,-42.5594,,,,,8.12
46568,98.0891,-37.6967,,,,,5.25
46755,98.1012,-51.1710,,,,,9.1
46525,98.1055,-34.2200,,,,,8.87
46937,98.1256,-57.8816,,,,,9.99
46894,98.1427,-55.6486,,,,,7.92
46682,98.1526,-44.2209,,,,,7.3
46666,98.1580,-42.2565,,,,,7.68
46547,98.1624,-32.0304,,,,,5.73
47028,98.1794,-59.2640,,,,,8.83
47095,98.1931,-61.8279,,,,,6.85
46918,98.2005,-55.0795,,,,,8.1
46837,98.2073,-50.4733,,,,,7.79
46743,98.2301,-44.3216,,,,,8.87
46917,98.2326,-54.2668,,,,,8.78
46742,98.2329,-43.5765,,,,,7.95
46836,98.2404,-48.5445,,,,,6.96
46603,98.2436,-30.8631,,,,,8.71
46727,98.2927,-38.6252,,,,,6.44
46726,98.2993,-37.8220,,,,,7.25
46817,98.3052,-45.3786,,,,,8.06
46774,98.3171,-41.1309,,,,,8.63
47002,98.3526,-52.4841,,,,,8.82
47001,98.3596,-52.3292,,,,,6.18
46694,98.3640,-32.2264,,,,,6.96
46859,98.3662,-45.0637,,,,,8.68
47065,98.4083,-54.5902,,,,,8.72
46816,98.4105,-39.6419,,,,,8.18
47064,98.4144,-54.1172,,,,,8.23
46914,98.4410,-43.8591,,,,,8.02
46753,98.4424,-30.5829,,,,,8.52
46773,98.4557,-33.0384,,,,,8.15
46815,98.4562,-36.2320,,,,,5.42
46858,98.4623,-38.8486,,,,,8.19
47307,98.5142,-60.5878,,,,,9.18
46814,98.5155,-30.3371,,,,,8.11
46974,98.5426,-42.0990,,,,,7.35
47546,98.5445,-66.0986,,,,,9.33
47478,98.5602,-63.9181,,,,,8.53
47233,98.5884,-55.2392,,,,,8.67
46936,98.6472,-32.7163,,,,,5.62
47119,98.6647,-46.5100,,,,,8.58
46973,98.6807,-34.0094,,,,,6.69
47232,98.6830,-51.2164,,,,,8.18
47520,98.6911,-62.5620,,,,,8.2
47545,98.6956,-63.2621,,,,,7.78
47080,98.6965,-42.3945,,,,,8.37
47286,98.7165,-53.2819,,,,,7.61
47017,98.7250,-34.8362,,,,,8.55
46971,98.7260,-30.0920,,,,,6.94
47476,98.7283,-60.7140,,,,,9.07
47147,98.7310,-45.3084,,,,,9.2
46997,98.7340,-32.3066,,,,,7.9
46972,98.7409,-31.2915,,,,,7.77
47025,98.7508,-35.0493,,,,,7.32
47016,98.7562,-33.2162,,,,,9.08
47410,98.7663,-56.8172,,,,,9.15
47015,98.7677,-33.0031,,,,,8.94
47250,98.7764,-49.3634,,,,,8.86
47672,98.7804,-65.0116,,,,,8.31
47567,98.7884,-61.1732,,,,,7.42
47603,98.8083,-62.5027,,,,,8.84
47268,98.8098,-48.1350,,,,,9.14
47446,98.8138,-57.2651,,,,,8.51
47145,98.8373,-37.4492,,,,,7.99
47856,98.8379,-67.2263,,,,,7.92
47146,98.8419,-38.8088,,,,,7.47
47144,98.8509,-36.7799,,,,,5.59
47544,98.8541,-59.0876,,,,,8.35
47061,98.8630,-31.5914,,,,,7.89
47330,98.8644,-48.4763,,,,,9.03
47409,98.8704,-53.7108,,,,,9.07
47187,98.8817,-37.8577,,,,,7.56
47168,98.8911,-36.2594,,,,,7.14
47371,98.8941,-50.2961,,,,,7.02
47267,98.8952,-45.0720,,,,,8.43
47427,98.9014,-52.3394,,,,,9.04
47352,98.9137,-47.4335,,,,,7.41
47117,98.9233,-30.4489,,,,,9.22
47266,98.9360,-41.4899,,,,,8.21
47351,98.9403,-47.2820,,,,,9.08
47566,98.9658,-56.2279,,,,,7.62
47408,98.9696,-48.2799,,,,,7.44
47230,98.9752,-36.0886,,,,,6.36
47855,98.9782,-64.8810,,,,,8.17
47229,98.9982,-35.1717,,,,,7.61
47283,99.0524,-36.1384,,,,,7.23
47305,99.0550,-36.6477,,,,,8.15
47407,99.0797,-42.6704,,,,,8.5
47699,99.1133,-57.5392,,,,,7.16
47540,99.1144,-50.3228,,,,,7.22
47282,99.1165,-31.8869,,,,,6.87
47445,99.1202,-44.6511,,,,,8.93
48003,99.1390,-64.6985,,,,,8.2
47539,99.1544,-49.2213,,,,,8.32
47770,99.1675,-58.4089,,,,,8.5
47602,99.1698,-51.4298,,,,,8.33
47475,99.2136,-41.5571,,,,,6.36
48322,99.2447,-69.4442,,,,,8.9
47792,99.2468,-56.2581,,,,,9.5
47463,99.2579,-38.1465,,,,,6.03
47517,99.2612,-41.2499,,,,,7.32
47391,99.2664,-32.2252,,,,,7.65
47658,99.2713,-50.4827,,,,,8.11
47721,99.2805,-52.3472,,,,,7.72
47537,99.3065,-40.7706,,,,,7.62
47500,99.3077,-36.9907,,,,,5.72
48025,99.3111,-61.5470,,,,,8.94
47601,99.3332,-43.4513,,,,,6.87
47645,99.3542,-44.9760,,,,,8.08
47657,99.3764,-45.5943,,,,,8.29
47910,99.4008,-55.3437,,,,,6.88
47951,99.4070,-57.4375,,,,,8.71
47600,99.4167,-38.6283,,,,,7.9
47671,99.4274,-44.4957,,,,,7.71
47536,99.4484,-32.3397,,,,,5.25
47619,99.4591,-36.1139,,,,,7.82
48189,99.5016,-61.5334,,,,,6.15
48115,99.5022,-59.7734,,,,,8.78
48024,99.5959,-52.9321,,,,,6.74
48447,99.6065,-66.0856,,,,,7.15
48046,99.6104,-53.6521,,,,,8.23
48170,99.6107,-58.3381,,,,,8.22
47872,99.6223,-45.3738,,,,,8.16
47790,99.6324,-39.4700,,,,,9.34
48360,99.6523,-63.5498,,,,,9.21
47973,99.6568,-48.2202,,,,,5.05
48246,99.6603,-60.1830,,,,,7.06
47805,99.6651,-37.9960,,,,,7.15
47949,99.6704,-46.5152,,,,,9.66
47925,99.6723,-46.1751,,,,,8.38
47924,99.6833,-45.0645,,,,,7.69
47923,99.7004,-43.8248,,,,,7.58
47765,99.7153,-32.8310,,,,,8.79
48431,99.7233,-63.4651,,,,,8.75
47908,99.7308,-40.5857,,,,,7.97
48188,99.7409,-55.2987,,,,,8.85
48293,99.7440,-58.8360,,,,,8.37
47852,99.7572,-35.1365,,,,,7.97
47907,99.7743,-37.5327,,,,,7.83
48154,99.7852,-51.1110,,,,,8.27
47851,99.8129,-31.8356,,,,,7.69
47906,99.8168,-35.5324,,,,,8.16
47948,99.8295,-37.1297,,,,,8.4
48152,99.8304,-49.6805,,,,,9.07
47947,99.8415,-36.0074,,,,,8.26
48069,99.8615,-43.4273,,,,,7.18
48446,99.8976,-60.4008,,,,,7.59
48267,99.9057,-52.8325,,,,,7.19
48654,99.9234,-65.2744,,,,,8.24
48151,99.9265,-45.5606,,,,,8.57
47946,99.9278,-30.4705,,,,,5.7
48292,99.9305,-53.4514,,,,,7.34
48150,99.9451,-43.4029,,,,,7.4
48266,99.9626,-51.0684,,,,,9.34
48087,99.9871,-38.1590,,,,,6.59
48044,99.9950,-32.8917,,,,,7.88
48265,100.0072,-48.5420,,,,,8.05
48113,100.0124,-36.9551,,,,,8.15
48149,100.0268,-39.3124,,,,,9.5
48244,100.0568,-43.8862,,,,,8.52
48291,100.0640,-47.2963,,,,,8.75
48559,100.0912,-59.1232,,,,,7.77
48466,100.1067,-54.4682,,,,,8.89
48225,100.1089,-41.2413,,,,,9.33
48166,100.1400,-34.2123,,,,,7.59
48465,100.1830,-51.6693,,,,,8.66
48186,100.1845,-32.7782,,,,,7.69
48402,100.1977,-47.6215,,,,,6.66
48403,100.2061,-47.6747,,,,,6.71
48342,100.2141,-44.4155,,,,,8.68
48290,100.2277,-38.3268,,,,,8.87
48262,100.2307,-36.4734,,,,,9.21
48224,100.2493,-30.5527,,,,,8.66
48487,100.2685,-48.4756,,,,,9.94
48261,100.2825,-30.6456,,,,,7.23
48305,100.2957,-34.5107,,,,,7.33
48383,100.3090,-40.3498,,,,,6.16
48920,100.3165,-64.3597,,,,,8.29
48382,100.3255,-40.2928,,,,,7.78
48609,100.3327,-52.6973,,,,,7.67
49006,100.3752,-65.4687,,,,,7.89
48858,100.3884,-60.6880,,,,,8.41
48764,100.4075,-55.9990,,,,,8.69
48381,100.4290,-33.4698,,,,,8.49
48632,100.4585,-49.3861,,,,,8.64
48503,100.4745,-39.7877,,,,,7.75
48709,100.5182,-48.5837,,,,,9.42
49359,100.5203,-69.7065,,,,,7.58
48763,100.5216,-51.7596,,,,,8.15
48524,100.5231,-38.0037,,,,,8.35
49078,100.5307,-64.5239,,,,,8.11
48651,100.5350,-46.4734,,,,,9.1
48543,100.5683,-38.3988,,,,,6.28
48485,100.5795,-31.6660,,,,,7.79
48631,100.5841,-41.7288,,,,,7.96
48927,100.5876,-58.1830,,,,,9.25
49035,100.5971,-61.2250,,,,,8.53
49306,100.6065,-67.8431,,,,,6.72
48731,100.6071,-46.4462,,,,,10.06
49339,100.6077,-68.2686,,,,,8.93
48676,100.6128,-42.5715,,,,,7.94
48675,100.6184,-42.3713,,,,,9.2
48558,100.6339,-34.3611,,,,,8.14
48674,100.6434,-41.8153,,,,,7.45
49112,100.6493,-62.7772,,,,,8.78
48630,100.6685,-36.6304,,,,,7.86
48581,100.6808,-32.7128,,,,,6.76
48857,100.7035,-50.4518,,,,,7.02
48971,100.7114,-56.0161,,,,,8.29
49034,100.7193,-58.4838,,,,,7.95
48945,100.7235,-55.1152,,,,,7.88
48726,100.7476,-38.9642,,,,,8.93
48725,100.7599,-37.3699,,,,,8.0
49531,100.7777,-69.2978,,,,,8.9
48926,100.8065,-50.6507,,,,,9.28
48907,100.8080,-48.2233,,,,,8.04
49075,100.8182,-56.5952,,,,,9.03
49285,100.8203,-63.1361,,,,,8.08
49424,100.8214,-66.5010,,,,,8.05
48761,100.8288,-35.6311,,,,,8.55
48815,100.8389,-40.9089,,,,,7.7
49266,100.8402,-62.6166,,,,,8.62
48797,100.8473,-39.1931,,,,,6.3
49054,100.8879,-53.0239,,,,,8.59
48905,100.8900,-44.0550,,,,,8.27
48836,100.9048,-37.7738,,,,,7.32
48875,100.9281,-39.8650,,,,,7.67
49111,100.9625,-54.1820,,,,,8.53
48904,100.9644,-41.0002,,,,,8.96
49134,100.9667,-54.5673,,,,,8.46
48835,100.9939,-32.4312,,,,,7.71
48969,101.0058,-42.7145,,,,,8.53
49264,101.0276,-57.4000,,,,,9.35
49192,101.0408,-54.7307,,,,,6.68
49219,101.0533,-54.6955,,,,,6.47
49692,101.0599,-67.7026,,,,,8.88
48943,101.0696,-39.9653,,,,,9.02
48903,101.0907,-30.1719,,,,,8.79
48987,101.1166,-38.0684,,,,,8.48
49191,101.1249,-51.3222,,,,,9.41
49003,101.1561,-38.4368,,,,,8.8
49377,101.1786,-57.4403,,,,,8.55
49518,101.1842,-61.2242,,,,,6.95
49284,101.1928,-52.4236,,,,,8.29
49494,101.2170,-59.3039,,,,,9.53
49779,101.2226,-66.8658,,,,,8.71
49235,101.2273,-48.7078,,,,,9.18
49261,101.2317,-50.5722,,,,,9.09
49053,101.2412,-35.1217,,,,,8.04
49854,101.2465,-67.8260,,,,,8.57
49028,101.2606,-30.5864,,,,,6.53
49337,101.2731,-52.3623,,,,,7.84
49234,101.2732,-46.9358,,,,,7.78
49029,101.2801,-31.6543,,,,,7.61
49260,101.2937,-47.2227,,,,,7.22
49259,101.3056,-46.8533,,,,,7.49
49095,101.3457,-31.7937,,,,,5.92
49800,101.3553,-65.0442,,,,,7.18
49396,101.3586,-52.2009,,,,,6.56
49169,101.3699,-36.8494,,,,,7.98
49131,101.3800,-30.9490,,,,,5.62
49109,101.3915,-31.5009,,,,,8.93
49900,101.4272,-66.3426,,,,,8.87
49355,101.4521,-45.9977,,,,,9.0
49690,101.4680,-60.2620,,,,,8.87
49517,101.4738,-52.4097,,,,,5.81
49319,101.5134,-39.5403,,,,,6.62
49516,101.5396,-49.9871,,,,,9.08
49336,101.5506,-37.7753,,,,,6.19
49421,101.5567,-44.6084,,,,,9.08
49302,101.5568,-34.2428,,,,,7.05
49301,101.5885,-30.7441,,,,,8.1
49594,101.6003,-51.1998,,,,,8.13
49560,101.6327,-47.6927,,,,,8.49
49615,101.6551,-49.9966,,,,,9.5
49821,101.6582,-58.6570,,,,,8.56
49420,101.6734,-36.5962,,,,,7.95
49705,101.6736,-54.6950,,,,,6.45
49375,101.6811,-33.6689,,,,,8.53
49614,101.6860,-47.8045,,,,,6.95
49559,101.6939,-44.9741,,,,,7.99
49613,101.6943,-47.7460,,,,,9.62
49689,101.7195,-51.2657,,,,,5.39
49558,101.7490,-41.4667,,,,,8.78
49557,101.7573,-40.7537,,,,,7.78
49966,101.7859,-59.9626,,,,,8.88
49468,101.7902,-30.9577,,,,,7.86
50035,101.7985,-61.8131,,,,,8.41
50159,101.8144,-65.0888,,,,,8.39
49877,101.8280,-55.5400,,,,,5.6
49592,101.8383,-38.9213,,,,,7.63
49591,101.8392,-37.9297,,,,,5.27
49758,101.8449,-48.5636,,,,,6.84
49555,101.8709,-33.5130,,,,,8.21
49630,101.8858,-39.1610,,,,,8.79
49922,101.9161,-54.7518,,,,,8.07
49965,101.9314,-55.3906,,,,,9.05
49777,101.9539,-46.3257,,,,,9.49
49852,101.9667,-49.0603,,,,,7.66
49753,101.9680,-42.6376,,,,,8.52
49686,101.9922,-36.2166,,,,,9.81
49726,102.0027,-39.6895,,,,,8.34
49876,102.0081,-48.1069,,,,,9.49
49798,102.0196,-44.3162,,,,,8.28
50519,102.0372,-68.4238,,,,,9.12
49751,102.0413,-37.9707,,,,,8.45
50127,102.0658,-57.6558,,,,,7.31
49775,102.0681,-38.6561,,,,,7.8
49850,102.0758,-43.8008,,,,,7.41
50100,102.0814,-56.3181,,,,,8.26
49849,102.0866,-43.0562,,,,,8.18
49795,102.0918,-37.9981,,,,,9.38
49794,102.1054,-37.5981,,,,,7.75
50051,102.1071,-53.8936,,,,,8.09
50198,102.1497,-58.4673,,,,,8.29
50099,102.1608,-54.0142,,,,,7.86
49773,102.1614,-32.4678,,,,,8.37
49942,102.1797,-43.8015,,,,,7.36
49833,102.2051,-34.9368,,,,,6.91
50098,102.2728,-49.1891,,,,,8.06
50080,102.3064,-46.7096,,,,,7.36
50197,102.3308,-51.7617,,,,,8.19
50000,102.3701,-37.0030,,,,,8.1
50126,102.3816,-45.5669,,,,,7.11
49961,102.3825,-32.5422,,,,,6.85
50078,102.3900,-41.4290,,,,,7.01
49960,102.4189,-31.2591,,,,,8.34
50924,102.4205,-68.5170,,,,,9.09
50239,102.4221,-50.9588,,,,,8.71
50181,102.4659,-45.0481,,,,,8.29
50270,102.4740,-50.1494,,,,,8.66
50223,102.4776,-46.6146,,,,,5.14
50196,102.4904,-45.4504,,,,,6.54
50571,102.5042,-60.2491,,,,,6.11
50450,102.5102,-55.9036,,,,,7.73
50862,102.5105,-66.2934,,,,,6.99
50180,102.5139,-42.1454,,,,,8.36
50336,102.5444,-48.8815,,,,,8.06
50096,102.5451,-33.8857,,,,,7.41
50157,102.5465,-39.0551,,,,,7.24
50415,102.5580,-52.8000,,,,,7.62
50123,102.5973,-31.7061,,,,,5.74
51211,102.6053,-69.9862,,,,,6.8
50548,102.6275,-55.7427,,,,,8.73
50178,102.6609,-31.2763,,,,,7.16
50397,102.6668,-46.8031,,,,,9.14
50624,102.6748,-57.3864,,,,,8.93
50267,102.6900,-36.9829,,,,,8.15
50448,102.6923,-49.9804,,,,,9.01
50195,102.6945,-30.5774,,,,,8.94
50569,102.7329,-52.4637,,,,,9.25
50292,102.7366,-35.1420,,,,,9.35
50715,102.7474,-56.2399,,,,,8.66
50291,102.7738,-34.2766,,,,,7.91
50503,102.7796,-47.3260,,,,,7.3
50396,102.8406,-36.4756,,,,,9.57
50331,102.8415,-32.1837,,,,,7.55
50547,102.8443,-46.8162,,,,,8.72
50446,102.8583,-40.5503,,,,,7.45
50622,102.8653,-49.2935,,,,,7.58
50923,102.8777,-59.7095,,,,,9.12
50621,102.8857,-48.2928,,,,,6.42
50903,102.8897,-58.3283,,,,,8.36
50472,102.9082,-38.2150,,,,,7.89
50568,102.9217,-44.3060,,,,,8.12
50445,102.9268,-36.2303,,,,,5.94
51160,102.9305,-64.0301,,,,,9.63
50809,102.9360,-54.3765,,,,,8.48
51269,102.9541,-65.6196,,,,,8.54
50598,102.9547,-43.1013,,,,,8.27
51492,102.9558,-69.4159,,,,,8.64
50499,103.0085,-33.9156,,,,,7.21
50498,103.0402,-30.4269,,,,,7.99
50994,103.0540,-56.5087,,,,,8.18
50518,103.0825,-32.0144,,,,,7.72
50597,103.0829,-35.2906,,,,,8.38
50787,103.0988,-46.0479,,,,,8.34
50653,103.1017,-38.6176,,,,,8.29
50652,103.1045,-37.8506,,,,,8.65
51466,103.1094,-66.8264,,,,,9.19
50786,103.1162,-45.0488,,,,,8.85
50785,103.1651,-42.5044,,,,,6.52
51210,103.1893,-59.3412,,,,,6.41
51043,103.1959,-54.0903,,,,,6.56
50860,103.1964,-43.9756,,,,,6.47
50808,103.2050,-40.6931,,,,,7.66
50755,103.2104,-38.6524,,,,,9.34
50965,103.2272,-48.3614,,,,,10.02
50807,103.2417,-39.0208,,,,,9.02
50882,103.2485,-42.6276,,,,,7.23
50833,103.2655,-38.9730,,,,,8.97
50858,103.2680,-40.5175,,,,,8.81
50945,103.2739,-46.0360,,,,,9.55
50857,103.2773,-39.6903,,,,,8.38
50943,103.3036,-44.9286,,,,,8.9
51122,103.3039,-52.4102,,,,,8.93
51121,103.3056,-52.1918,,,,,8.73
51120,103.3059,-51.8837,,,,,8.38
50901,103.3299,-40.3394,,,,,9.38
51238,103.3854,-54.4677,,,,,8.52
51268,103.3899,-54.8829,,,,,7.97
51063,103.4079,-44.2447,,,,,8.69
50900,103.4131,-34.7385,,,,,9.28
51772,103.4345,-65.9139,,,,,8.18
51062,103.4473,-43.1141,,,,,8.86
51138,103.4545,-46.4270,,,,,8.18
51491,103.4586,-60.0564,,,,,9.21
51555,103.4756,-59.8809,,,,,8.38
51015,103.4871,-36.5567,,,,,7.72
51660,103.4927,-63.0791,,,,,8.73
51266,103.5095,-50.6116,,,,,6.24
51119,103.5199,-41.9322,,,,,8.94
51264,103.5394,-48.2186,,,,,9.79
50990,103.5464,-30.6131,,,,,7.86
51093,103.5494,-39.5946,,,,,9.1
51685,103.5496,-62.4634,,,,,8.34
51209,103.5589,-44.3799,,,,,8.82
51042,103.5617,-34.2229,,,,,7.33
52120,103.5674,-68.9553,,,,,8.99
51014,103.5838,-31.8016,,,,,6.86
51159,103.6048,-40.1930,,,,,9.08
51061,103.6083,-31.2977,,,,,8.84
51208,103.6112,-42.3656,,,,,6.32
51232,103.6201,-43.1085,,,,,7.8
51436,103.6448,-51.6885,,,,,8.81
51317,103.6524,-45.8924,,,,,8.65
51206,103.6817,-37.3723,,,,,8.66
51291,103.6832,-42.7466,,,,,8.22
51133,103.6981,-31.1403,,,,,8.27
51608,103.7140,-55.2593,,,,,8.17
51289,103.7675,-37.5003,,,,,8.1
51312,103.7799,-38.5565,,,,,7.45
51368,103.7804,-41.0648,,,,,8.97
51464,103.8017,-45.6127,,,,,9.08
51391,103.8050,-41.7379,,,,,9.17
51579,103.8845,-46.4646,,,,,8.53
51367,103.9020,-33.8068,,,,,6.99
51434,103.9048,-38.6669,,,,,7.88
52418,103.9206,-68.5057,,,,,6.86
51771,103.9209,-53.6601,,,,,9.05
51770,103.9450,-53.6241,,,,,8.58
52177,103.9614,-63.3166,,,,,9.1
51950,103.9618,-58.4104,,,,,9.22
51929,103.9718,-56.9424,,,,,7.39
51706,103.9737,-50.0859,,,,,8.17
51411,103.9782,-31.7902,,,,,6.36
51433,103.9911,-33.0718,,,,,7.78
51705,104.0017,-47.4956,,,,,8.98
51524,104.0107,-35.7017,,,,,8.71
51485,104.0128,-34.7170,,,,,8.11
51996,104.0192,-57.7645,,,,,8.88
52176,104.0323,-61.7305,,,,,8.74
51743,104.0607,-46.9882,,,,,9.87
51607,104.0745,-38.6097,,,,,7.68
51605,104.0872,-37.5214,,,,,8.28
51903,104.0881,-51.6271,,,,,9.38
52028,104.0892,-56.0905,,,,,9.02
52063,104.0969,-57.5763,,,,,7.69
51684,104.1246,-40.9903,,,,,7.96
51767,104.1380,-43.7629,,,,,8.96
52399,104.1518,-64.5762,,,,,8.89
51682,104.1904,-35.3413,,,,,6.27
51968,104.1933,-51.0160,,,,,7.24
52097,104.1987,-54.7956,,,,,9.06
51967,104.2031,-50.7561,,,,,8.35
52626,104.2103,-67.2274,,,,,8.9
51702,104.2433,-34.3931,,,,,7.99
52027,104.2592,-50.0748,,,,,8.17
52198,104.2754,-55.0474,,,,,7.63
52251,104.2984,-55.9151,,,,,8.59
51826,104.3007,-36.8868,,,,,7.59
51738,104.3020,-30.4935,,,,,9.06
52061,104.3096,-48.8274,,,,,8.59
51825,104.3233,-35.5072,,,,,6.23
52118,104.3348,-49.4852,,,,,9.4
52026,104.3371,-46.7708,,,,,8.46
52142,104.3441,-51.0009,,,,,8.43
52301,104.3501,-56.1013,,,,,7.34
52447,104.3599,-60.8514,,,,,8.38
52250,104.3618,-54.2848,,,,,8.98
52300,104.3684,-55.6678,,,,,7.37
52024,104.3807,-43.7886,,,,,7.3
51901,104.3991,-35.4665,,,,,7.27
52299,104.4013,-53.6122,,,,,8.24
51994,104.4129,-41.2947,,,,,9.21
51880,104.4132,-33.3961,,,,,8.75
52298,104.4394,-52.6485,,,,,6.91
52060,104.4446,-42.0287,,,,,8.1
52096,104.4556,-42.6065,,,,,7.62
52761,104.4592,-64.8532,,,,,9.39
52059,104.4697,-40.3792,,,,,9.28
52279,104.4873,-49.1467,,,,,7.38
52171,104.4959,-44.5973,,,,,8.77
52196,104.5029,-46.0959,,,,,6.83
52094,104.5159,-38.9989,,,,,9.5
51964,104.5347,-30.7465,,,,,7.13
52057,104.5414,-36.2752,,,,,9.3
52093,104.5716,-35.4191,,,,,7.57
52169,104.5762,-39.9753,,,,,8.89
52092,104.6046,-34.1117,,,,,5.07
52622,104.6516,-56.3948,,,,,6.46
52603,104.6657,-55.7291,,,,,6.26
52362,104.6739,-45.7676,,,,,6.23
52140,104.6821,-30.9980,,,,,6.41
52470,104.7499,-47.0233,,,,,7.28
52220,104.7518,-32.7223,,,,,6.76
52578,104.7593,-51.6920,,,,,9.2
52788,104.7669,-58.5148,,,,,8.39
52468,104.7729,-46.1935,,,,,8.66
52904,104.7804,-60.8420,,,,,6.96
52521,104.7884,-47.4510,,,,,9.62
52332,104.7967,-36.8152,,,,,8.22
52295,104.7973,-33.8807,,,,,8.81
52359,104.7987,-38.8319,,,,,8.76
53103,104.8041,-64.6932,,,,,8.71
52492,104.8110,-45.2286,,,,,7.68
53026,104.8224,-62.1572,,,,,8.97
52854,104.8299,-58.0020,,,,,8.38
52467,104.8321,-42.2376,,,,,8.45
52415,104.8328,-39.5925,,,,,8.78
52576,104.8893,-44.2824,,,,,9.46
52787,104.8898,-53.3611,,,,,8.61
52414,104.9230,-33.4757,,,,,6.62
53608,104.9556,-69.8096,,,,,8.41
52758,104.9582,-49.5072,,,,,9.02
53501,104.9607,-67.9164,,,,,5.18
52574,104.9617,-41.0016,,,,,7.02
52445,104.9782,-30.0873,,,,,8.68
53143,104.9990,-61.3362,,,,,6.81
52491,105.0114,-31.2281,,,,,8.44
52465,105.0115,-30.0783,,,,,7.09
52675,105.0209,-42.8833,,,,,8.43
52517,105.0288,-31.6299,,,,,9.13
52620,105.0288,-39.8206,,,,,8.11
52516,105.0407,-31.1417,,,,,6.62
52547,105.0674,-30.6786,,,,,7.94
53191,105.0697,-60.8627,,,,,7.71
53167,105.0760,-59.9614,,,,,8.61
52757,105.0954,-43.5007,,,,,8.16
52902,105.0984,-49.1351,,,,,6.56
52901,105.1080,-48.7304,,,,,9.45
53500,105.1157,-65.9087,,,,,8.28
52756,105.1233,-41.3798,,,,,8.47
53166,105.1442,-58.3934,,,,,8.15
52734,105.1443,-38.0359,,,,,7.67
52785,105.1472,-41.6807,,,,,8.98
52673,105.1538,-34.9275,,,,,9.01
52704,105.1582,-35.8379,,,,,7.84
52705,105.1629,-36.0357,,,,,8.15
53327,105.1800,-61.1418,,,,,7.74
53379,105.2048,-61.5508,,,,,9.1
52703,105.2073,-33.4655,,,,,6.39
52852,105.2126,-40.9494,,,,,7.72
53047,105.2145,-51.4026,,,,,5.14
53102,105.2503,-52.0374,,,,,8.67
52818,105.2640,-36.6330,,,,,8.59
53046,105.2684,-49.7085,,,,,7.68
53349,105.2714,-58.9399,,,,,6.01
53658,105.2731,-65.7065,,,,,7.33
52899,105.2736,-40.7949,,,,,7.36
53279,105.2852,-57.1918,,,,,8.44
52898,105.2931,-38.4234,,,,,8.8
52782,105.2945,-30.6648,,,,,7.41
53142,105.3262,-50.4667,,,,,7.25
53099,105.3369,-48.0999,,,,,9.74
52947,105.3727,-37.1599,,,,,9.7
52946,105.3881,-35.3481,,,,,7.61
52931,105.4005,-33.3588,,,,,8.53
53707,105.4347,-63.6197,,,,,8.07
53466,105.4453,-56.6214,,,,,7.7
52993,105.4467,-35.5479,,,,,6.58
53164,105.4640,-45.8013,,,,,8.02
53098,105.4866,-40.3975,,,,,9.33
53527,105.5073,-57.6020,,,,,8.14
53526,105.5107,-57.3158,,,,,7.32
53348,105.5289,-50.4299,,,,,7.59
53277,105.5344,-46.4333,,,,,9.81
53312,105.5407,-48.0923,,,,,8.82
53325,105.5418,-48.9938,,,,,8.2
53525,105.5480,-55.4402,,,,,8.27
53497,105.5579,-53.7230,,,,,9.37
53253,105.5645,-43.4039,,,,,6.44
53222,105.5699,-41.6112,,,,,9.05
53252,105.5859,-42.6325,,,,,7.01
53406,105.6056,-50.0671,,,,,8.09
53220,105.6172,-38.0591,,,,,7.94
53443,105.6718,-47.3355,,,,,9.99
53494,105.6907,-49.9280,,,,,6.86
53442,105.7200,-45.7516,,,,,8.13
53405,105.7715,-40.3575,,,,,7.47
54265,105.7985,-66.8891,,,,,7.66
53524,105.8037,-45.0246,,,,,9.34
53921,105.8129,-59.1781,,,,,5.5
53762,105.8525,-52.4253,,,,,6.53
53404,105.8591,-35.3195,,,,,8.8
53464,105.8623,-37.2053,,,,,9.64
53868,105.8735,-55.9482,,,,,7.3
53522,105.8970,-39.9646,,,,,8.07
53440,105.9048,-32.9817,,,,,8.3
53812,105.9568,-50.4549,,,,,8.76
53680,105.9594,-43.5613,,,,,8.67
53631,105.9595,-41.2069,,,,,7.56
53737,105.9693,-46.4173,,,,,9.06
53840,105.9768,-50.6614,,,,,7.19
53548,105.9835,-34.2672,,,,,8.02
53705,105.9889,-43.6080,,,,,5.56
53706,105.9956,-43.6113,,,,,6.83
53604,105.9998,-36.3603,,,,,9.87
53704,106.0117,-42.3373,,,,,5.2
53657,106.0316,-37.4263,,,,,8.81
54400,106.0363,-64.4900,,,,,7.48
53547,106.0387,-31.8041,,,,,9.62
54118,106.0764,-56.7497,,,,,5.14
53602,106.0854,-30.7749,,,,,7.92
53734,106.0871,-39.9198,,,,,8.45
53838,106.1043,-43.7363,,,,,8.07
53810,106.1130,-42.7787,,,,,8.55
54264,106.1394,-58.8297,,,,,8.28
54733,106.1463,-68.2485,,,,,8.31
53676,106.1488,-32.0080,,,,,7.82
53895,106.1656,-43.5815,,,,,8.33
53834,106.1724,-40.4840,,,,,7.1
53698,106.1852,-31.9455,,,,,7.35
54041,106.2074,-49.8233,,,,,9.18
53782,106.2423,-33.4965,,,,,8.55
53781,106.2509,-31.5261,,,,,7.74
54179,106.3182,-50.3600,,,,,6.47
53891,106.3207,-34.1433,,,,,7.5
54290,106.3404,-52.6095,,,,,7.71
54506,106.3418,-59.3912,,,,,8.82
53890,106.3420,-30.5198,,,,,8.6
54209,106.3462,-50.0581,,,,,9.01
53983,106.3506,-38.2339,,,,,7.8
54612,106.3665,-61.4025,,,,,8.27
54343,106.3729,-54.1201,,,,,8.16
54178,106.3791,-47.7030,,,,,8.55
53952,106.3834,-34.7777,,,,,6.15
54038,106.3864,-40.6404,,,,,6.73
54036,106.3872,-38.6734,,,,,8.35
53936,106.3901,-33.3674,,,,,9.06
54236,106.3961,-48.8401,,,,,9.23
54289,106.3962,-51.3841,,,,,8.86
54035,106.4154,-37.6295,,,,,8.71
54034,106.4292,-36.7173,,,,,8.75
54796,106.4905,-63.1157,,,,,9.71
54208,106.4907,-42.3275,,,,,7.21
54031,106.5020,-30.6557,,,,,6.34
54113,106.5033,-36.4200,,,,,8.39
54234,106.5086,-42.3124,,,,,8.74
54153,106.5094,-38.3829,,,,,6.09
54177,106.5098,-39.8676,,,,,8.72
54844,106.5128,-64.0826,,,,,8.87
54315,106.5230,-45.9688,,,,,7.44
55151,106.5596,-68.8376,,,,,6.47
54232,106.5862,-37.7096,,,,,7.5
54341,106.5872,-43.6108,,,,,6.52
54478,106.5901,-49.7962,,,,,8.9
54202,106.6147,-35.0431,,,,,9.3
54713,106.6280,-57.7785,,,,,7.71
54611,106.6314,-53.8988,,,,,8.71
54819,106.6370,-59.9968,,,,,7.92
54505,106.6411,-48.2508,,,,,9.03
54868,106.6511,-61.4598,,,,,8.98
54225,106.6860,-30.0015,,,,,9.71
54476,106.6880,-44.7992,,,,,8.95
54609,106.6914,-51.3032,,,,,8.57
55150,106.6976,-67.0162,,,,,7.3
54795,106.6998,-58.3810,,,,,8.74
55024,106.7218,-64.0041,,,,,9.07
54504,106.7302,-45.0512,,,,,8.67
54794,106.7606,-55.7710,,,,,9.34
54475,106.7795,-40.8933,,,,,5.8
54503,106.7978,-40.5378,,,,,7.99
54732,106.8054,-51.9683,,,,,5.96
54967,106.8178,-59.7164,,,,,6.46
54414,106.8256,-34.4388,,,,,8.83
54792,106.8659,-52.2045,,,,,6.6
54645,106.8865,-43.8647,,,,,8.41
54678,106.9171,-43.9784,,,,,8.19
54500,106.9362,-32.3933,,,,,8.52
54497,106.9424,-30.5017,,,,,8.82
55478,106.9457,-67.9369,,,,,8.0
54581,106.9566,-35.8145,,,,,7.34
54580,106.9607,-34.9438,,,,,9.06
54579,106.9710,-34.8334,,,,,8.03
54676,106.9722,-40.4552,,,,,8.85
54843,106.9819,-48.9171,,,,,8.86
55023,106.9829,-56.6643,,,,,8.89
54941,107.0096,-51.9575,,,,,9.13
54710,107.0257,-39.2867,,,,,8.92
55105,107.0277,-57.3311,,,,,6.87
54626,107.0457,-31.4280,,,,,7.06
55002,107.0523,-54.6294,,,,,9.42
54643,107.0688,-33.3736,,,,,7.92
54791,107.0877,-41.9107,,,,,9.42
54966,107.0942,-50.1003,,,,,7.69
54917,107.1022,-47.5209,,,,,9.27
55046,107.1030,-54.4831,,,,,8.45
55196,107.1130,-58.3724,,,,,8.01
54773,107.1485,-36.2174,,,,,9.44
54842,107.1625,-38.6412,,,,,9.06
54841,107.1810,-38.0283,,,,,9.48
54772,107.1850,-34.0601,,,,,8.91
55103,107.2048,-52.1545,,,,,8.45
55001,107.2291,-46.5620,,,,,10.11
55000,107.2422,-45.3313,,,,,7.01
55546,107.2576,-63.7614,,,,,8.16
55377,107.2696,-59.0888,,,,,9.42
55433,107.2808,-60.5752,,,,,7.96
54839,107.2861,-31.9336,,,,,7.49
55177,107.3278,-49.6091,,,,,9.29
55223,107.3317,-51.8249,,,,,8.18
55278,107.3381,-53.5449,,,,,8.9
55527,107.3540,-60.3804,,,,,6.82
55222,107.3545,-49.8362,,,,,8.47
54979,107.3748,-35.2869,,,,,8.54
54980,107.3776,-35.9909,,,,,7.26
55645,107.4064,-62.3050,,,,,8.38
55699,107.4189,-63.8105,,,,,9.22
54978,107.4244,-33.3391,,,,,8.82
55432,107.4375,-55.7258,,,,,8.74
55477,107.4546,-56.3715,,,,,8.26
55326,107.4791,-50.4273,,,,,8.58
55042,107.4842,-34.0313,,,,,9.05
55453,107.5031,-53.5269,,,,,8.75
55571,107.5294,-57.7676,,,,,9.19
55643,107.5411,-58.9908,,,,,8.36
55350,107.5581,-47.3958,,,,,8.76
55122,107.6007,-30.0555,,,,,7.76
55598,107.6019,-55.5877,,,,,6.94
55349,107.6105,-44.5610,,,,,8.96
55247,107.6106,-37.2162,,,,,7.68
55325,107.6182,-42.7833,,,,,9.68
55173,107.6276,-30.6625,,,,,7.58
55400,107.6582,-45.5812,,,,,7.87
55399,107.6649,-43.4009,,,,,9.93
55348,107.6650,-41.2651,,,,,7.49
55246,107.6823,-31.3985,,,,,7.91
55526,107.6979,-48.9321,,,,,5.12
55789,107.7094,-58.8564,,,,,8.31
55476,107.7140,-44.6876,,,,,8.69
56118,107.7279,-66.3245,,,,,9.14
56194,107.7394,-67.0670,,,,,7.24
56240,107.7489,-67.9614,,,,,7.17
55347,107.7651,-35.4278,,,,,9.35
55615,107.8102,-48.0335,,,,,9.37
55449,107.8126,-39.2698,,,,,7.92
55397,107.8212,-34.3894,,,,,7.82
55525,107.8314,-41.7171,,,,,8.87
56025,107.8351,-61.8287,,,,,9.49
55474,107.8442,-39.1021,,,,,6.87
55427,107.8611,-32.8027,,,,,8.73
55720,107.8820,-49.4242,,,,,7.5
55524,107.9087,-35.6350,,,,,9.42
55788,107.9204,-51.2981,,,,,8.49
55570,107.9219,-38.3910,,,,,8.9
55596,107.9379,-40.1917,,,,,10.08
56024,107.9591,-58.8507,,,,,8.73
55964,107.9811,-56.1555,,,,,6.67
56239,108.0083,-63.1901,,,,,6.03
55568,108.0171,-30.8214,,,,,6.1
55913,108.0240,-53.2164,,,,,9.3
55798,108.0321,-47.4038,,,,,9.75
55567,108.0420,-30.2817,,,,,8.49
56146,108.0423,-59.8394,,,,,8.05
55696,108.0624,-38.1745,,,,,7.95
55719,108.0659,-40.4988,,,,,5.3
55862,108.0679,-49.1861,,,,,8.06
56560,108.0727,-67.7827,,,,,7.33
56320,108.0813,-63.0858,,,,,8.69
56116,108.0954,-57.5463,,,,,8.81
55663,108.1003,-31.9819,,,,,7.13
55912,108.1050,-49.3270,,,,,7.63
55718,108.1076,-36.5444,,,,,5.94
55787,108.1135,-42.1202,,,,,9.22
56266,108.1204,-61.3817,,,,,7.76
56440,108.1206,-64.6633,,,,,8.71
55819,108.1393,-42.8684,,,,,10.06
55742,108.1444,-36.2341,,,,,7.75
55786,108.1470,-40.3456,,,,,8.49
55694,108.1476,-31.0812,,,,,8.86
56074,108.1734,-52.6811,,,,,9.04
56319,108.1849,-60.9670,,,,,8.91
56023,108.1892,-51.2118,,,,,7.2
56216,108.1931,-57.4907,,,,,6.64
55939,108.2065,-45.0369,,,,,8.17
56145,108.2188,-53.8944,,,,,7.84
55910,108.2207,-43.8852,,,,,7.27
55938,108.2376,-43.6588,,,,,8.69
56413,108.2413,-61.6132,,,,,8.91
55891,108.2809,-39.5140,,,,,9.07
56533,108.2803,-63.3449,,,,,9.08
55838,108.2999,-34.8168,,,,,8.59
55817,108.3045,-30.9664,,,,,7.72
56644,108.3161,-64.8735,,,,,7.35
55987,108.3722,-38.4911,,,,,7.46
55935,108.4141,-34.1993,,,,,9.81
56350,108.4162,-53.6678,,,,,6.7
56289,108.4229,-51.8256,,,,,9.25
56351,108.4259,-54.9007,,,,,8.83
55958,108.4468,-31.0836,,,,,6.57
56019,108.4498,-35.3191,,,,,8.36
56287,108.4673,-49.9366,,,,,7.74
55985,108.4889,-30.3398,,,,,6.32
56318,108.4914,-50.4716,,,,,6.79
56265,108.4953,-48.3025,,,,,7.45
56380,108.5046,-51.4690,,,,,9.19
56046,108.5111,-31.6426,,,,,7.66
56264,108.5433,-46.3259,,,,,7.29
56142,108.5586,-36.4267,,,,,7.55
56737,108.5941,-61.0698,,,,,7.17
56141,108.6113,-33.5706,,,,,8.52
56262,108.6226,-40.9326,,,,,8.96
56316,108.6431,-42.2139,,,,,8.23
56162,108.6454,-31.4935,,,,,7.8
56438,108.6517,-47.1349,,,,,8.1
56161,108.6530,-30.6549,,,,,6.92
56260,108.6568,-37.3328,,,,,9.13
56186,108.6707,-32.5629,,,,,7.85
56911,108.6774,-63.0643,,,,,8.38
56455,108.6918,-46.8497,,,,,5.72
56237,108.6927,-35.2477,,,,,8.68
56284,108.6954,-37.2454,,,,,7.23
56378,108.7111,-41.1687,,,,,7.56
56437,108.7185,-43.7245,,,,,9.19
57199,108.7349,-68.0711,,,,,8.08
56410,108.7381,-41.4264,,,,,5.95
56259,108.7490,-32.8030,,,,,8.78
56409,108.7656,-38.5809,,,,,9.08
56376,108.7994,-36.2256,,,,,7.39
56343,108.8278,-31.9097,,,,,9.24
56375,108.8325,-31.9387,,,,,8.65
56342,108.8378,-30.6864,,,,,5.36
56705,108.8385,-52.4992,,,,,5.96
56531,108.8500,-42.0880,,,,,7.0
56453,108.8694,-36.5609,,,,,7.67
56910,108.8712,-58.5426,,,,,6.84
56662,108.8715,-48.2300,,,,,7.67
56431,108.9044,-33.0785,,,,,8.83
56585,108.9076,-42.1542,,,,,7.66
56703,108.9081,-50.4986,,,,,7.51
57126,108.9101,-63.1798,,,,,8.71
56961,108.9150,-58.8055,,,,,7.42
57286,108.9369,-66.1970,,,,,9.46
56860,108.9441,-53.6021,,,,,8.1
56642,108.9510,-43.1680,,,,,9.3
56814,108.9639,-52.1242,,,,,9.33
56641,108.9793,-42.1402,,,,,7.6
56640,108.9855,-41.0300,,,,,9.08
56935,108.9890,-55.7331,,,,,7.69
57260,108.9932,-64.6441,,,,,8.7
56909,108.9993,-54.9616,,,,,7.37
56701,109.0026,-45.8958,,,,,7.92
56554,109.0288,-30.4354,,,,,7.15
56553,109.0353,-30.1327,,,,,8.15
56960,109.0418,-54.0419,,,,,7.26
56582,109.0479,-31.2725,,,,,8.85
56602,109.0532,-33.6242,,,,,9.63
57418,109.0580,-66.8058,,,,,8.85
56813,109.0645,-46.7745,,,,,5.64
56908,109.0664,-51.5902,,,,,9.87
56980,109.0664,-54.2262,,,,,7.66
56621,109.0808,-32.0417,,,,,6.92
56907,109.0823,-50.0484,,,,,7.46
56781,109.0993,-45.1790,,,,,9.35
56733,109.1327,-38.3189,,,,,5.81
57041,109.1341,-55.2166,,,,,9.85
56857,109.1498,-46.2380,,,,,8.04
57375,109.1550,-64.1255,,,,,7.49
57096,109.2001,-53.9803,,,,,8.81
56779,109.2059,-36.5926,,,,,5.03
57489,109.2234,-65.3862,,,,,9.69
56753,109.2238,-34.3979,,,,,9.84
57222,109.2266,-58.0109,,,,,8.43
57198,109.2294,-56.4277,,,,,8.46
57019,109.2365,-50.3023,,,,,8.97
56731,109.2384,-30.8970,,,,,6.3
56752,109.2527,-33.0462,,,,,7.81
56957,109.3251,-40.6566,,,,,7.57
56978,109.3572,-39.0248,,,,,7.38
56977,109.3609,-38.9133,,,,,6.77
57358,109.3663,-57.8939,,,,,7.81
57095,109.3732,-46.9792,,,,,6.7
57446,109.4131,-59.2621,,,,,7.55
57306,109.4282,-54.4988,,,,,9.27
57017,109.4294,-40.2533,,,,,8.92
56999,109.4463,-36.1431,,,,,9.06
57123,109.4510,-44.0031,,,,,9.48
56974,109.4681,-33.4445,,,,,8.9
56972,109.4718,-31.6944,,,,,8.64
56998,109.5111,-30.9378,,,,,7.97
57197,109.5177,-43.9868,,,,,5.86
56997,109.5185,-30.4533,,,,,8.28
57014,109.5413,-30.0846,,,,,9.74
57303,109.5466,-49.0732,,,,,8.37
57334,109.5513,-51.0505,,,,,7.52
57151,109.5539,-40.0837,,,,,7.93
57062,109.5540,-33.4648,,,,,8.83
57555,109.6130,-57.3519,,,,,7.9
57241,109.6191,-41.9586,,,,,8.15
57122,109.6338,-32.3468,,,,,6.99
57302,109.6353,-43.9246,,,,,9.38
57194,109.6352,-36.7689,,,,,8.1
57195,109.6383,-36.8935,,,,,9.03
57120,109.6392,-30.7988,,,,,7.01
57240,109.6396,-39.2103,,,,,5.24
57284,109.6452,-42.4644,,,,,8.85
57239,109.6507,-38.5051,,,,,9.09
58141,109.6547,-69.3273,,,,,8.09
57219,109.6591,-36.7427,,,,,5.11
57808,109.6619,-63.3867,,,,,7.37
57554,109.6906,-55.2806,,,,,7.78
57720,109.6932,-60.6026,,,,,8.95
57622,109.7047,-56.6444,,,,,9.07
57585,109.7126,-55.0500,,,,,9.12
57399,109.7161,-46.4802,,,,,8.04
57218,109.7230,-32.0085,,,,,9.35
57415,109.7348,-45.2973,,,,,7.17
57553,109.7450,-52.5398,,,,,7.84
57999,109.7569,-65.2256,,,,,9.34
57301,109.7772,-35.1842,,,,,7.81
57355,109.7857,-38.0380,,,,,7.02
57533,109.7914,-50.5445,,,,,9.02
57331,109.8030,-36.1670,,,,,8.16
57464,109.8050,-44.4355,,,,,9.19
57299,109.8070,-33.7272,,,,,6.31
58140,109.8110,-67.1876,,,,,7.91
57582,109.8167,-49.9780,,,,,7.26
57767,109.8255,-58.0522,,,,,6.73
57719,109.8410,-55.9708,,,,,7.42
57411,109.8630,-37.5066,,,,,7.82
57349,109.8684,-32.8053,,,,,9.46
57919,109.8846,-61.1450,,,,,6.75
57807,109.8875,-57.4489,,,,,7.65
57581,109.9420,-43.8271,,,,,8.72
57693,109.9597,-49.1866,,,,,9.29
57764,109.9655,-52.5650,,,,,7.41
57438,109.9793,-30.6245,,,,,8.36
57641,109.9820,-45.3517,,,,,8.87
57483,109.9879,-35.0730,,,,,8.99
57551,109.9974,-40.4949,,,,,9.88
57482,110.0127,-33.5948,,,,,7.95
57854,110.0275,-54.2108,,,,,7.93
57664,110.0457,-43.4915,,,,,8.21
57852,110.0893,-52.3115,,,,,5.5
57969,110.0957,-56.2946,,,,,6.57
57547,110.1031,-31.6547,,,,,8.61
57639,110.1359,-36.9173,,,,,9.51
58069,110.1457,-57.4893,,,,,9.08
57917,110.1617,-52.0859,,,,,5.38
57918,110.1626,-52.1987,,,,,6.9
58092,110.1631,-58.6733,,,,,7.81
57949,110.2081,-51.4046,,,,,6.79
57637,110.2098,-32.4767,,,,,7.34
57897,110.2158,-48.5141,,,,,8.06
58116,110.2288,-56.7802,,,,,8.09
57967,110.2475,-50.7980,,,,,8.94
57968,110.2570,-50.8542,,,,,7.31
57829,110.2711,-41.1973,,,,,7.98
57785,110.3128,-35.4961,,,,,7.99
57759,110.3159,-32.0267,,,,,9.32
57896,110.3361,-41.9903,,,,,7.86
58017,110.3423,-48.5271,,,,,6.83
58311,110.3442,-60.2532,,,,,9.19
58018,110.3460,-48.5329,,,,,7.95
57966,110.3464,-45.5035,,,,,8.41
57828,110.3635,-35.2952,,,,,9.43
58089,110.3989,-49.4051,,,,,8.19
58448,110.4213,-61.9514,,,,,6.92
57891,110.4321,-35.4370,,,,,8.11
58112,110.4476,-48.3289,,,,,8.43
57915,110.4637,-34.5719,,,,,8.41
58292,110.4643,-55.7711,,,,,7.94
58575,110.4694,-63.8995,,,,,9.25
58270,110.4802,-53.9032,,,,,8.85
58015,110.4865,-38.9368,,,,,7.73
57912,110.4892,-32.1911,,,,,8.85
58139,110.5113,-47.0304,,,,,8.36
58014,110.5116,-37.9325,,,,,9.31
58138,110.5197,-45.8937,,,,,8.85
57945,110.5344,-32.5873,,,,,7.13
58331,110.5412,-54.4278,,,,,8.78
58269,110.5578,-51.4872,,,,,9.46
58038,110.5683,-35.9162,,,,,6.68
58087,110.5712,-38.8810,,,,,8.55
58111,110.5787,-39.2533,,,,,8.83
58403,110.5889,-55.1773,,,,,9.46
58873,110.6192,-67.2973,,,,,8.88
58157,110.6357,-39.1173,,,,,8.87
58063,110.6486,-32.0460,,,,,6.82
58136,110.6513,-37.0490,,,,,8.75
58238,110.6618,-44.6178,,,,,7.72
58476,110.6697,-55.5690,,,,,8.79
58424,110.7033,-52.5193,,,,,7.56
58916,110.7054,-66.5389,,,,,8.01
58964,110.7196,-67.3655,,,,,8.1
58853,110.7298,-64.6325,,,,,9.07
58540,110.7374,-55.5772,,,,,6.89
58155,110.7529,-31.9238,,,,,5.4
58942,110.7745,-65.4701,,,,,7.95
58774,110.7755,-62.2716,,,,,7.09
58446,110.7990,-49.0149,,,,,8.85
58234,110.8097,-36.0794,,,,,9.4
58216,110.8140,-32.0467,,,,,8.26
58200,110.8304,-30.0780,,,,,9.04
58260,110.8317,-36.3401,,,,,6.74
58474,110.8425,-48.1985,,,,,8.73
58591,110.8428,-53.5081,,,,,7.04
58963,110.8603,-64.6920,,,,,8.14
59144,110.8688,-68.0217,,,,,8.02
58492,110.8787,-47.9549,,,,,8.6
58286,110.8829,-32.2021,,,,,5.41
58287,110.8841,-34.5180,,,,,7.48
58285,110.8944,-31.2999,,,,,7.99
58399,110.8977,-41.6870,,,,,8.47
58744,110.9055,-58.0972,,,,,8.5
58283,110.9183,-30.4492,,,,,7.03
58657,110.9254,-53.6693,,,,,7.22
58326,110.9527,-33.4855,,,,,8.46
58444,110.9630,-39.5378,,,,,7.1
58325,110.9768,-30.2170,,,,,6.61
58941,110.9827,-60.8380,,,,,8.04
58420,110.9931,-35.8378,,,,,6.32
58571,111.0083,-44.1350,,,,,8.34
58394,111.0160,-31.8922,,,,,7.81
58489,111.0192,-40.0461,,,,,9.76
58396,111.0296,-31.8916,,,,,9.35
58895,111.0393,-58.4919,,,,,6.58
58588,111.0756,-42.7062,,,,,9.59
58656,111.1304,-43.4644,,,,,7.98
58618,111.1564,-38.2733,,,,,7.42
58587,111.1684,-36.5572,,,,,8.6
58535,111.1827,-31.8089,,,,,5.35
58826,111.1965,-48.8791,,,,,8.89
58634,111.1973,-37.2912,,,,,6.14
58893,111.1998,-52.2798,,,,,9.8
58653,111.2008,-40.3532,,,,,9.41
58741,111.2070,-44.5760,,,,,9.13
58742,111.2076,-45.1576,,,,,9.26
58633,111.2101,-36.8808,,,,,9.37
58586,111.2308,-30.8399,,,,,8.5
58676,111.2382,-38.3520,,,,,9.48
58617,111.2519,-33.0813,,,,,8.93
58770,111.2694,-43.3872,,,,,7.76
58937,111.2967,-49.9129,,,,,8.24
58800,111.3293,-41.1576,,,,,7.58
58850,111.3458,-43.1289,,,,,8.76
58767,111.4036,-32.5093,,,,,8.59
58766,111.4291,-31.7387,,,,,6.32
58798,111.4353,-33.9035,,,,,8.93
58910,111.4670,-38.7786,,,,,8.57
58868,111.4766,-35.5931,,,,,9.61
59719,111.4779,-68.7371,,,,,9.13
58962,111.4976,-42.1078,,,,,7.41
59030,111.5040,-46.0140,,,,,9.04
59103,111.5248,-48.1679,,,,,7.88
59305,111.5256,-56.9564,,,,,8.61
58867,111.5386,-30.2758,,,,,8.62
59168,111.5621,-49.4223,,,,,9.06
58980,111.5699,-37.6408,,,,,9.94
59169,111.5737,-49.6807,,,,,9.86
59219,111.5910,-51.0185,,,,,5.09
58961,111.5922,-35.1767,,,,,7.42
59262,111.6034,-52.5487,,,,,9.81
59079,111.6163,-42.0047,,,,,8.35
59261,111.6202,-52.0121,,,,,8.61
59532,111.6471,-60.9944,,,,,8.8
59946,111.6625,-69.5764,,,,,7.78
59026,111.6769,-34.1407,,,,,5.9
59370,111.6817,-55.2443,,,,,8.26
59260,111.7325,-45.7138,,,,,8.42
59761,111.7344,-65.5975,,,,,7.84
59100,111.7403,-34.3155,,,,,8.17
59051,111.7449,-30.7717,,,,,8.95
59099,111.7447,-34.3122,,,,,7.03
59197,111.7477,-41.6291,,,,,8.1
59579,111.7497,-59.5787,,,,,7.81
59487,111.7512,-56.2443,,,,,9.18
59196,111.7614,-39.8470,,,,,8.63
59237,111.7633,-43.1831,,,,,7.94
59995,111.7732,-68.6154,,,,,7.15
59425,111.7823,-52.6071,,,,,9.08
59218,111.7892,-41.0555,,,,,8.37
59760,111.7991,-64.2405,,,,,8.11
59394,111.8016,-50.5453,,,,,8.98
59469,111.8355,-52.2756,,,,,9.94
59368,111.8357,-47.7827,,,,,8.06
59896,111.8419,-66.2548,,,,,8.68
59468,111.8565,-51.4026,,,,,6.72
59552,111.8680,-54.2875,,,,,9.56
59367,111.8771,-44.8159,,,,,8.57
59193,111.8774,-31.9391,,,,,9.19
59356,111.8807,-44.2846,,,,,8.8
59421,111.8963,-47.0959,,,,,8.62
59484,111.9054,-51.3597,,,,,8.7
59446,111.9282,-47.4140,,,,,7.59
59420,111.9423,-44.1264,,,,,8.66
59873,111.9539,-63.5534,,,,,9.02
59352,111.9570,-40.5191,,,,,9.26
59576,111.9728,-52.0821,,,,,8.27
59283,111.9789,-31.9481,,,,,8.57
59301,111.9813,-34.8905,,,,,9.13
59351,111.9948,-37.0227,,,,,9.25
59502,111.9968,-47.1075,,,,,7.65
59636,112.0075,-53.2368,,,,,9.27
59392,112.0133,-38.0115,,,,,9.71
59780,112.0476,-58.0729,,,,,6.52
59530,112.0733,-43.9631,,,,,7.58
59618,112.0782,-48.8129,,,,,7.98
59824,112.0919,-58.5361,,,,,8.77
59466,112.0958,-37.8102,,,,,6.54
59416,112.0968,-35.2602,,,,,7.48
59659,112.1253,-49.1497,,,,,8.8
59414,112.1329,-33.4782,,,,,9.05
59529,112.1380,-39.4465,,,,,8.23
60038,112.1470,-63.4598,,,,,8.15
59823,112.1847,-55.0580,,,,,9.95
60037,112.1980,-61.6052,,,,,9.3
59499,112.2131,-31.8484,,,,,5.95
60150,112.2142,-64.5098,,,,,6.38
59527,112.2362,-34.9184,,,,,6.92
59550,112.2705,-31.4562,,,,,5.78
59635,112.2737,-38.8121,,,,,5.41
59593,112.3028,-32.7462,,,,,8.36
59616,112.3042,-35.3778,,,,,9.47
59677,112.3080,-41.8844,,,,,9.59
59573,112.3110,-30.6438,,,,,7.9
59594,112.3214,-34.1714,,,,,7.32
59777,112.3700,-44.0560,,,,,9.05
59675,112.3762,-36.6847,,,,,7.51
59704,112.3809,-38.1227,,,,,7.73
60036,112.4064,-54.9081,,,,,8.66
60149,112.4178,-59.5955,,,,,9.42
59869,112.4390,-46.6895,,,,,7.41
59868,112.4500,-44.9119,,,,,7.84
60232,112.4508,-60.1094,,,,,8.13
60290,112.4866,-61.2495,,,,,7.68
59791,112.4929,-38.6671,,,,,8.68
60060,112.4989,-52.6512,,,,,5.87
59741,112.5084,-32.9283,,,,,9.18
59842,112.5248,-39.5830,,,,,8.48
59756,112.5310,-32.3447,,,,,8.97
60173,112.5314,-56.3188,,,,,8.01
60034,112.5325,-50.0789,,,,,9.64
60250,112.5748,-57.2105,,,,,7.07
59894,112.5774,-40.9892,,,,,6.55
60271,112.5882,-57.4465,,,,,8.56
60130,112.6192,-50.6090,,,,,6.55
60032,112.6233,-45.6696,,,,,8.42
60402,112.6259,-61.4128,,,,,9.0
60228,112.6288,-54.3994,,,,,5.95
59864,112.6420,-34.0906,,,,,7.62
60227,112.6660,-52.8971,,,,,8.18
59967,112.6772,-37.3394,,,,,6.66
60201,112.7094,-51.1590,,,,,7.48
60650,112.7203,-66.3487,,,,,8.76
60129,112.7351,-45.8951,,,,,8.57
60435,112.7375,-57.9912,,,,,8.9
59989,112.7584,-34.9842,,,,,7.48
60769,112.7823,-67.8206,,,,,9.05
60434,112.7959,-56.6244,,,,,7.93
60128,112.8067,-40.0390,,,,,9.58
60199,112.8083,-46.1838,,,,,8.58
60710,112.8267,-65.6145,,,,,8.42
60031,112.8303,-31.3917,,,,,9.6
60609,112.8366,-63.4298,,,,,8.18
60674,112.8503,-64.3723,,,,,7.6
60098,112.8574,-36.1533,,,,,6.66
60224,112.8671,-43.0244,,,,,8.82
60097,112.8760,-34.7208,,,,,9.08
60373,112.8866,-51.6049,,,,,8.7
60249,112.8885,-44.0820,,,,,9.39
60071,112.8954,-31.0474,,,,,9.61
60168,112.9279,-35.8878,,,,,6.61
60287,112.9339,-43.2898,,,,,8.18
60270,112.9465,-41.9987,,,,,9.08
60673,112.9669,-61.6922,,,,,8.78
60221,112.9909,-35.2589,,,,,9.02
60560,113.0207,-55.0031,,,,,8.81
60330,113.0702,-38.1742,,,,,8.59
60517,113.0856,-49.8481,,,,,8.88
60312,113.0928,-35.9612,,,,,6.35
60932,113.1793,-63.3248,,,,,8.36
60575,113.1909,-49.2120,,,,,8.66
60649,113.1923,-53.5552,,,,,6.98
60370,113.1989,-32.9914,,,,,9.2
60394,113.2382,-31.4608,,,,,8.18
60734,113.2456,-55.1594,,,,,8.09
60452,113.2712,-34.0562,,,,,8.52
60537,113.3037,-40.5329,,,,,8.68
60559,113.3048,-40.0585,,,,,6.27
60574,113.3055,-43.0862,,,,,6.53
61312,113.3409,-68.7685,,,,,6.6
60498,113.3550,-33.3999,,,,,7.34
60753,113.3638,-50.5843,,,,,6.69
60931,113.3724,-59.1985,,,,,7.5
60608,113.3957,-40.9116,,,,,10.22
60731,113.4119,-47.9742,,,,,9.12
61437,113.4280,-69.8912,,,,,8.56
60556,113.4398,-30.3896,,,,,8.03
60605,113.4546,-35.9611,,,,,8.57
60687,113.4594,-43.1137,,,,,6.68
60604,113.4603,-35.8142,,,,,8.07
60814,113.4606,-49.7507,,,,,8.48
60606,113.4627,-36.3384,,,,,5.42
60752,113.4703,-46.7382,,,,,8.03
60603,113.4789,-35.0117,,,,,8.91
60865,113.4887,-50.8664,,,,,9.6
60686,113.4929,-39.9058,,,,,6.76
60668,113.5101,-37.3193,,,,,7.81
60792,113.5233,-45.8934,,,,,8.36
60930,113.5248,-53.2649,,,,,8.07
60729,113.5257,-41.6456,,,,,8.78
61122,113.5299,-60.2434,,,,,7.68
60907,113.5362,-50.8405,,,,,7.52
60646,113.5535,-33.4634,,,,,6.11
60839,113.5819,-46.7602,,,,,8.18
60791,113.5968,-42.0738,,,,,7.46
60813,113.6132,-42.3990,,,,,7.3
61033,113.6169,-52.9682,,,,,7.59
61056,113.6170,-54.0652,,,,,7.26
61311,113.6304,-63.4939,,,,,8.83
61055,113.6626,-52.8100,,,,,7.98
61031,113.6649,-51.4745,,,,,6.29
60812,113.6660,-38.8241,,,,,9.08
61089,113.6757,-53.9193,,,,,8.53
61267,113.6765,-61.0828,,,,,8.35
61196,113.6792,-58.6571,,,,,8.95
60906,113.6822,-44.6920,,,,,6.77
61475,113.6851,-66.6435,,,,,8.79
61142,113.7055,-55.7737,,,,,8.15
60929,113.7128,-44.2961,,,,,6.81
61169,113.7489,-55.0859,,,,,9.0
61415,113.7699,-63.0396,,,,,8.76
61216,113.7857,-55.8350,,,,,8.37
60837,113.7898,-31.5018,,,,,8.57
61077,113.8199,-46.5777,,,,,7.62
61195,113.8559,-51.9840,,,,,10.01
61030,113.8587,-41.9534,,,,,8.81
60977,113.8607,-37.4204,,,,,8.15
61214,113.8620,-52.4425,,,,,8.78
61168,113.8653,-49.8312,,,,,8.35
61076,113.8994,-41.4754,,,,,9.18
61008,113.9051,-36.1630,,,,,7.85
60956,113.9367,-30.0591,,,,,8.6
61005,113.9478,-32.2039,,,,,8.23
61006,113.9609,-33.3925,,,,,7.23
61194,113.9702,-47.1557,,,,,7.09
61075,113.9734,-37.0779,,,,,8.04
61087,113.9815,-37.4457,,,,,7.25
61051,113.9840,-32.8414,,,,,8.94
61073,113.9984,-34.4244,,,,,9.16
61394,114.0067,-55.8877,,,,,6.39
61436,114.0145,-57.2959,,,,,6.64
61378,114.0455,-53.8578,,,,,8.91
61544,114.0549,-59.6154,,,,,8.77
61245,114.0575,-44.9576,,,,,6.9
61085,114.0710,-30.6533,,,,,9.03
61834,114.0711,-67.3783,,,,,7.56
61192,114.0719,-40.5313,,,,,7.48
61950,114.0803,-69.0565,,,,,6.88
61290,114.0959,-47.2421,,,,,7.89
61644,114.1052,-61.8738,,,,,8.34
61435,114.1088,-54.1872,,,,,6.82
61576,114.1384,-58.3773,,,,,8.09
61243,114.1388,-39.8620,,,,,8.05
61929,114.1494,-67.6133,,,,,7.98
61333,114.1570,-44.9873,,,,,7.2
61391,114.1830,-48.8302,,,,,5.69
61785,114.2071,-63.3004,,,,,8.28
61377,114.2116,-45.4313,,,,,7.28
61390,114.2291,-45.0281,,,,,7.92
62038,114.2304,-68.5106,,,,,8.01
61310,114.2341,-38.8216,,,,,8.85
61332,114.2409,-40.1921,,,,,7.07
61560,114.2460,-54.0804,,,,,8.06
61518,114.2617,-52.3658,,,,,7.88
61969,114.3022,-65.6300,,,,,9.08
61541,114.3069,-51.6758,,,,,8.95
61376,114.3186,-39.2020,,,,,8.91
61308,114.3335,-30.7922,,,,,7.55
61373,114.3482,-36.4180,,,,,7.11
61328,114.3551,-33.5075,,,,,9.55
61597,114.3838,-51.4214,,,,,7.79
61472,114.3927,-42.8892,,,,,9.22
61741,114.3932,-57.2167,,,,,7.97
62064,114.4021,-65.9170,,,,,7.35
61452,114.4249,-37.9526,,,,,8.98
61409,114.4367,-35.2772,,,,,6.59
61453,114.4376,-38.0104,,,,,6.38
61764,114.4645,-56.1798,,,,,8.91
61431,114.4899,-32.1313,,,,,6.7
61574,114.5058,-43.6414,,,,,7.98
62092,114.5234,-63.9462,,,,,8.18
62178,114.5364,-65.4619,,,,,8.96
61517,114.5384,-36.5036,,,,,9.07
61470,114.5461,-31.4533,,,,,7.18
61740,114.5495,-51.6448,,,,,7.76
62282,114.5592,-67.4479,,,,,7.36
62115,114.5647,-63.5737,,,,,8.41
61516,114.5649,-34.9804,,,,,7.85
61715,114.5759,-48.6014,,,,,5.68
61539,114.5976,-32.5010,,,,,8.51
61623,114.6001,-39.9920,,,,,6.61
61856,114.6026,-54.1169,,,,,7.88
61689,114.6038,-45.5468,,,,,8.11
61558,114.6059,-32.7604,,,,,8.16
62138,114.6327,-62.4169,,,,,8.55
61642,114.6356,-38.7815,,,,,6.2
61903,114.6451,-54.6366,,,,,7.99
62402,114.6481,-68.2706,,,,,8.1
61949,114.6557,-56.2293,,,,,6.79
62091,114.6584,-60.6294,,,,,7.64
61855,114.6630,-52.5049,,,,,8.89
61782,114.6776,-47.5536,,,,,8.9
61712,114.6814,-43.5947,,,,,8.98
61641,114.6829,-36.4968,,,,,5.78
61595,114.6854,-31.7312,,,,,8.28
61640,114.6947,-35.8029,,,,,8.17
61763,114.6958,-44.8300,,,,,7.98
61881,114.7153,-50.5769,,,,,7.55
61902,114.7236,-51.0834,,,,,8.23
61711,114.7248,-40.8058,,,,,8.49
61948,114.7441,-52.9620,,,,,8.51
61966,114.7513,-53.2734,,,,,6.06
61762,114.7534,-41.5356,,,,,8.72
62281,114.7722,-63.4309,,,,,8.08
61675,114.7798,-32.1034,,,,,8.6
61947,114.8200,-49.0514,,,,,6.97
61708,114.8442,-31.0349,,,,,8.82
61738,114.8535,-33.7791,,,,,8.16
61832,114.8732,-38.8639,,,,,8.02
61965,114.8809,-47.5482,,,,,8.08
61828,114.9198,-35.6919,,,,,7.88
61946,114.9244,-43.2796,,,,,7.16
61799,114.9264,-34.3622,,,,,7.79
61878,114.9326,-38.1393,,,,,5.73
62010,114.9374,-47.0578,,,,,8.36
61927,114.9375,-40.2761,,,,,8.52
61899,114.9495,-38.2607,,,,,5.76
61964,114.9503,-43.8724,,,,,8.79
61827,114.9556,-32.5784,,,,,7.63
61926,114.9696,-38.5483,,,,,7.95
62401,114.9758,-61.6905,,,,,8.94
62036,114.9781,-45.9696,,,,,7.4
61925,114.9916,-37.5794,,,,,5.99
61924,114.9954,-37.3746,,,,,8.48
61850,115.0183,-30.1691,,,,,7.11
62338,115.0267,-59.2298,,,,,8.69
62061,115.0331,-44.4305,,,,,7.52
62088,115.0417,-45.3493,,,,,7.29
62034,115.0831,-39.4211,,,,,6.66
62563,115.0886,-64.4834,,,,,8.66
62760,115.1084,-68.2684,,,,,9.03
61944,115.1094,-30.0797,,,,,6.95
61943,115.1209,-30.0495,,,,,7.8
61989,115.1272,-33.4262,,,,,7.32
62377,115.1704,-55.6516,,,,,7.68
62362,115.1955,-53.5326,,,,,9.29
62485,115.2109,-58.8707,,,,,8.04
62400,115.2179,-54.7070,,,,,6.69
62058,115.2192,-31.6612,,,,,6.6
62296,115.2208,-49.6977,,,,,8.32
62212,115.2394,-43.1846,,,,,7.34
62151,115.2509,-36.8685,,,,,7.49
62295,115.2546,-47.8311,,,,,7.3
62211,115.2813,-39.4252,,,,,8.78
62150,115.3055,-32.6439,,,,,7.7
62227,115.3097,-39.2364,,,,,7.73
62226,115.3159,-38.5335,,,,,5.41
62597,115.3235,-60.0019,,,,,7.78
62279,115.3378,-41.8890,,,,,7.54
62318,115.3405,-44.6322,,,,,6.41
62278,115.3412,-41.1648,,,,,7.4
62317,115.3562,-43.6353,,,,,7.04
62483,115.3705,-53.1948,,,,,8.24
62715,115.3787,-62.3573,,,,,8.49
62225,115.3958,-33.7404,,,,,7.65
62919,115.4413,-65.7898,,,,,8.35
62612,115.4499,-56.3151,,,,,7.04
62249,115.4570,-30.3861,,,,,8.79
62611,115.4889,-54.4177,,,,,8.69
62376,115.4918,-38.5284,,,,,6.54
62963,115.4998,-65.5185,,,,,8.87
62316,115.5049,-32.0797,,,,,7.0
62315,115.5278,-30.1863,,,,,6.95
62506,115.5309,-46.6579,,,,,7.98
62335,115.5362,-31.0957,,,,,8.98
62334,115.5421,-30.9226,,,,,9.15
62758,115.5426,-58.6309,,,,,6.4
62663,115.5485,-55.1790,,,,,6.93
62626,115.5640,-52.7712,,,,,8.86
63088,115.5771,-66.9038,,,,,7.26
62581,115.5965,-48.6986,,,,,9.1
62714,115.5991,-56.1460,,,,,7.25
62962,115.6139,-63.4854,,,,,8.41
62503,115.6276,-39.2013,,,,,7.26
62447,115.6443,-36.3748,,,,,7.59
62850,115.6504,-59.2974,,,,,7.17
62542,115.6551,-42.2300,,,,,8.01
62431,115.6575,-33.7811,,,,,8.97
62541,115.6629,-40.6265,,,,,8.96
62560,115.6707,-42.5674,,,,,7.01
62478,115.6744,-35.1615,,,,,9.4
62477,115.6939,-33.2167,,,,,8.47
62559,115.7102,-38.9179,,,,,7.72
62826,115.7137,-55.3128,,,,,7.64
62897,115.7223,-58.2301,,,,,6.2
62476,115.7244,-31.6554,,,,,8.89
62644,115.7380,-45.1731,,,,,5.04
62625,115.7568,-43.2580,,,,,9.02
62539,115.7630,-33.3125,,,,,7.37
62595,115.7784,-38.8637,,,,,6.89
62608,115.7787,-39.9608,,,,,9.15
62756,115.7791,-49.9930,,,,,6.56
63086,115.7982,-61.9013,,,,,8.18
62578,115.7999,-36.0501,,,,,5.6
62577,115.8200,-33.8030,,,,,7.46
62848,115.8396,-52.1641,,,,,6.69
62755,115.8462,-47.0467,,,,,7.86
62917,115.8508,-54.0757,,,,,9.42
62943,115.8735,-54.2413,,,,,6.88
62783,115.8903,-45.8640,,,,,7.23
62659,115.9000,-37.0891,,,,,8.55
62739,115.9127,-41.4677,,,,,7.32
62941,115.9174,-52.8395,,,,,8.4
62713,115.9246,-40.9337,,,,,5.12
62712,115.9288,-38.2019,,,,,6.42
62738,115.9308,-41.3859,,,,,8.73
63220,115.9340,-63.2924,,,,,8.73
63010,115.9419,-55.5493,,,,,8.51
62753,115.9496,-40.3093,,,,,6.58
62940,115.9518,-52.2059,,,,,8.29
62686,115.9521,-36.2185,,,,,7.73
62847,115.9668,-46.8523,,,,,9.45
62737,115.9694,-37.7205,,,,,8.07
63294,115.9746,-64.6234,,,,,9.16
62804,115.9853,-41.8535,,,,,8.86
63406,116.0032,-67.2020,,,,,7.62
62993,116.0076,-52.6636,,,,,8.76
62803,116.0104,-38.8180,,,,,7.42
62846,116.0139,-42.9776,,,,,7.2
62711,116.0215,-31.3325,,,,,7.85
62735,116.0403,-31.6807,,,,,7.51
62781,116.0404,-36.0625,,,,,5.8
62801,116.0449,-37.1651,,,,,9.11
62751,116.0471,-32.4628,,,,,8.25
63008,116.0523,-50.4567,,,,,6.64
63584,116.0545,-69.8216,,,,,6.16
63179,116.0618,-58.4659,,,,,8.32
63036,116.0667,-51.7853,,,,,7.75
63053,116.0731,-53.1488,,,,,8.84
63583,116.0860,-69.5110,,,,,8.79
62750,116.0886,-30.2349,,,,,7.69
62912,116.1119,-40.5504,,,,,7.75
62875,116.1148,-37.6633,,,,,8.3
62893,116.1424,-37.9429,,,,,5.89
63256,116.1446,-59.5057,,,,,8.69
62874,116.1515,-35.1321,,,,,8.03
62845,116.1579,-33.0808,,,,,8.86
63203,116.1611,-56.7088,,,,,8.31
63007,116.1676,-47.0085,,,,,6.76
63178,116.1692,-54.6401,,,,,7.73
63513,116.1828,-66.0719,,,,,6.37
63365,116.1861,-62.4520,,,,,8.04
63052,116.1929,-45.9706,,,,,8.69
62911,116.1963,-33.7318,,,,,8.39
63006,116.2364,-40.4628,,,,,8.43
62910,116.2426,-31.9082,,,,,10.13
63329,116.2470,-58.9554,,,,,8.93
62991,116.2699,-37.8879,,,,,6.53
63176,116.2799,-50.2878,,,,,7.7
63154,116.2840,-48.9154,,,,,7.84
63033,116.2851,-39.8488,,,,,7.54
63118,116.3252,-43.7526,,,,,6.02
63080,116.3396,-39.3452,,,,,7.19
63237,116.3515,-50.5938,,,,,9.71
63153,116.3545,-44.8826,,,,,7.56
63079,116.3640,-37.5963,,,,,6.99
63117,116.3680,-40.7389,,,,,7.93
63276,116.3718,-51.3689,,,,,8.72
63427,116.3802,-58.9549,,,,,7.84
63199,116.3919,-45.8021,,,,,8.27
63077,116.3960,-34.1724,,,,,5.36
63382,116.3980,-56.7226,,,,,6.1
63175,116.4011,-44.3739,,,,,8.77
63747,116.4246,-67.0698,,,,,8.3
63255,116.4292,-48.3548,,,,,7.47
63099,116.4600,-34.3301,,,,,10.49
63253,116.4616,-45.4263,,,,,9.45
63252,116.4762,-44.7618,,,,,7.54
63668,116.4763,-64.4048,,,,,9.17
63132,116.4813,-35.3543,,,,,8.25
63218,116.4890,-42.1955,,,,,8.71
63928,116.5027,-69.4980,,,,,8.7
63345,116.5077,-49.5319,,,,,8.39
63493,116.5089,-57.2382,,,,,7.95
63832,116.5129,-67.4320,,,,,7.75
63403,116.5379,-51.5507,,,,,7.31
63215,116.5439,-37.9337,,,,,5.87
63344,116.5558,-47.6901,,,,,8.48
63581,116.5618,-59.8141,,,,,8.19
63608,116.5708,-59.8095,,,,,8.27
63251,116.5788,-37.8977,,,,,7.71
63343,116.5794,-46.1596,,,,,7.58
63214,116.5921,-33.4254,,,,,7.9
63342,116.5922,-45.0875,,,,,8.02
63685,116.5972,-61.4302,,,,,7.38
63402,116.6003,-49.2410,,,,,6.95
63308,116.6393,-40.0595,,,,,6.56
63291,116.6393,-37.7726,,,,,6.31
63902,116.6569,-66.7081,,,,,8.88
63490,116.6664,-50.9973,,,,,7.35
63451,116.6829,-48.1121,,,,,7.31
63449,116.6918,-46.8017,,,,,7.27
63709,116.7270,-58.9067,,,,,8.19
63563,116.7362,-52.3472,,,,,6.93
63531,116.7408,-50.1845,,,,,7.08
63401,116.7740,-39.3310,,,,,6.33
63425,116.7800,-41.5037,,,,,6.93
63466,116.7837,-43.3412,,,,,7.67
63424,116.7923,-39.1033,,,,,7.12
63467,116.7960,-43.3945,,,,,7.58
63399,116.8108,-36.0736,,,,,6.46
63374,116.8123,-35.3806,,,,,9.01
63666,116.8483,-53.3324,,,,,7.6
63465,116.8541,-38.5111,,,,,5.07
63578,116.8813,-46.6085,,,,,5.22
63969,116.8902,-63.4980,,,,,9.02
63579,116.8967,-47.0130,,,,,6.98
63423,116.8975,-30.5486,,,,,7.87
63488,116.9005,-38.0107,,,,,8.29
64016,116.9297,-63.7190,,,,,8.83
63464,116.9303,-32.6714,,,,,7.41
63765,116.9569,-54.2641,,,,,8.1
63764,116.9861,-51.6560,,,,,8.84
63725,116.9870,-49.7585,,,,,8.03
63663,117.0026,-44.5448,,,,,8.52
63662,117.0101,-44.2701,,,,,8.71
63954,117.0104,-59.9052,,,,,8.67
63661,117.0177,-44.0020,,,,,7.68
63854,117.0205,-54.4182,,,,,8.8
63603,117.0221,-39.5627,,,,,8.84
63640,117.0356,-40.6524,,,,,6.14
63707,117.0381,-47.2757,,,,,8.51
63641,117.0412,-42.5077,,,,,7.8
63870,117.0628,-54.7143,,,,,6.62
63926,117.0813,-56.4711,,,,,6.3
63743,117.0867,-46.4006,,,,,8.74
63809,117.1335,-48.0354,,,,,8.12
63886,117.1404,-52.6841,,,,,7.41
63625,117.1520,-30.7560,,,,,7.2
64186,117.1609,-63.6889,,,,,7.95
63638,117.1738,-31.6178,,,,,6.97
63637,117.1787,-30.2547,,,,,7.52
64141,117.1987,-61.1626,,,,,7.9
63705,117.2056,-35.7398,,,,,7.57
63738,117.2055,-38.2041,,,,,7.14
64032,117.2075,-56.0080,,,,,8.96
63806,117.2146,-43.3113,,,,,7.12
63869,117.2361,-46.6219,,,,,8.76
63682,117.2431,-30.5760,,,,,9.04
63828,117.2550,-42.5267,,,,,8.29
64067,117.2780,-56.4104,,,,,5.57
63949,117.3036,-46.8577,,,,,5.82
64185,117.3039,-60.2837,,,,,5.78
63868,117.3096,-40.7011,,,,,6.53
63786,117.3110,-35.2433,,,,,5.94
64485,117.3126,-68.1085,,,,,8.81
63804,117.3316,-33.3298,,,,,7.67
64426,117.3463,-65.8243,,,,,8.6
63785,117.3507,-30.5580,,,,,7.54
64184,117.3603,-59.3808,,,,,7.49
64121,117.3652,-54.8123,,,,,7.43
63948,117.3679,-44.7512,,,,,6.32
64014,117.3704,-48.6412,,,,,9.35
64122,117.3722,-54.9011,,,,,8.38
63882,117.3773,-39.0012,,,,,7.27
63852,117.3975,-33.2889,,,,,5.61
64162,117.4117,-55.0790,,,,,7.28
64484,117.4208,-66.1960,,,,,5.78
64203,117.4229,-55.9644,,,,,8.41
63898,117.4595,-36.0935,,,,,6.76
63988,117.4676,-40.9145,,,,,7.08
64320,117.4782,-60.0514,,,,,6.72
63987,117.4782,-40.5923,,,,,8.73
64140,117.4805,-50.8182,,,,,8.09
64013,117.4868,-42.1457,,,,,8.18
64306,117.4937,-58.5816,,,,,9.0
63944,117.5000,-35.1078,,,,,8.1
64383,117.5101,-61.2226,,,,,8.05
64010,117.5340,-39.0808,,,,,9.26
64530,117.5665,-64.1439,,,,,8.9
64008,117.5863,-35.7906,,,,,7.21
63986,117.5903,-32.1669,,,,,8.9
64225,117.5994,-50.5095,,,,,5.89
64028,117.6084,-36.2419,,,,,7.26
64346,117.6306,-55.6416,,,,,8.47
64249,117.6694,-48.5430,,,,,7.91
64181,117.6771,-44.5799,,,,,6.45
64248,117.6908,-46.3267,,,,,8.57
64289,117.6955,-49.3748,,,,,9.54
64763,117.7102,-66.6956,,,,,8.72
64625,117.7361,-62.8290,,,,,8.3
64507,117.7368,-59.6462,,,,,7.31
64529,117.7467,-59.1806,,,,,9.06
64269,117.7904,-42.9563,,,,,8.99
64344,117.7949,-48.6143,,,,,9.35
64677,117.8077,-62.9302,,,,,7.07
64318,117.8082,-47.2164,,,,,6.53
64317,117.8092,-45.7076,,,,,9.35
64287,117.8347,-43.0952,,,,,6.34
64303,117.8392,-43.7742,,,,,8.36
64366,117.8450,-46.7032,,,,,8.82
64267,117.8778,-37.6345,,,,,8.5
64222,117.8881,-32.7161,,,,,7.83
64316,117.9145,-40.0704,,,,,8.29
64365,117.9182,-42.8882,,,,,6.05
64676,117.9361,-58.6521,,,,,9.13
64582,117.9375,-54.8199,,,,,8.77
64624,117.9522,-55.7025,,,,,7.5
64301,117.9885,-31.6364,,,,,7.82
64403,118.0041,-41.7868,,,,,7.87
64341,118.0093,-33.9508,,,,,8.63
64526,118.0149,-48.8683,,,,,8.37
64930,118.0305,-64.2942,,,,,7.39
64441,118.0325,-42.3238,,,,,8.43
64979,118.0417,-65.2914,,,,,9.35
64459,118.0460,-43.6555,,,,,9.63
64784,118.0555,-59.6137,,,,,7.48
64380,118.0585,-36.0623,,,,,9.19
64458,118.0603,-42.3225,,,,,7.53
64379,118.0654,-34.7054,,,,,5.01
64362,118.0747,-30.8346,,,,,9.63
64578,118.0757,-48.6853,,,,,8.74
64662,118.0902,-51.8146,,,,,9.45
64831,118.0928,-59.4931,,,,,7.86
64722,118.1239,-54.3672,,,,,5.7
64521,118.1496,-40.7776,,,,,9.7
64575,118.1534,-44.3685,,,,,9.63
64502,118.1738,-37.9798,,,,,8.44
64661,118.1906,-48.0310,,,,,8.92
64549,118.1939,-41.3126,,,,,8.64
64501,118.2046,-36.9120,,,,,8.15
64717,118.2093,-50.5217,,,,,7.1
65117,118.2241,-65.0311,,,,,8.33
64520,118.2516,-33.2970,,,,,7.69
64572,118.2646,-36.3638,,,,,5.44
64659,118.2649,-43.9804,,,,,8.64
64810,118.2734,-52.6747,,,,,7.72
64830,118.2983,-52.7663,,,,,9.34
64783,118.2991,-49.7715,,,,,8.39
64716,118.2995,-45.2187,,,,,8.47
64571,118.3068,-34.9385,,,,,6.64
64570,118.3166,-34.0389,,,,,7.36
64640,118.3535,-35.6181,,,,,9.22
65094,118.3719,-61.0545,,,,,7.84
65192,118.3884,-63.7699,,,,,8.98
64674,118.3901,-36.9361,,,,,7.58
65015,118.4098,-57.3491,,,,,9.07
64758,118.4126,-40.7874,,,,,8.23
65216,118.4226,-63.6473,,,,,7.97
65428,118.4411,-68.0094,,,,,8.76
65191,118.4510,-62.3801,,,,,7.8
65427,118.4764,-67.4552,,,,,8.91
65496,118.4818,-68.8996,,,,,9.45
64825,118.4890,-40.9839,,,,,8.63
65076,118.5079,-55.6681,,,,,9.18
64827,118.5092,-41.7029,,,,,6.85
65000,118.5169,-52.3523,,,,,9.81
64777,118.5203,-34.0222,,,,,7.48
64905,118.5390,-45.2942,,,,,8.23
64802,118.5459,-35.8773,,,,,5.48
65170,118.5547,-58.5747,,,,,7.81
65389,118.5594,-64.9415,,,,,8.97
64901,118.5919,-40.8574,,,,,8.55
65038,118.6021,-50.1707,,,,,7.47
64902,118.6143,-41.6582,,,,,7.11
64824,118.6202,-32.4897,,,,,8.87
64927,118.6378,-40.1308,,,,,7.52
64953,118.6515,-39.6430,,,,,8.47
64842,118.6519,-31.6293,,,,,8.84
65252,118.6557,-58.7322,,,,,8.36
64876,118.6663,-34.8467,,,,,6.14
65692,118.6899,-69.1405,,,,,8.91
65555,118.6949,-66.2120,,,,,9.26
65114,118.7001,-49.8362,,,,,9.36
65134,118.7057,-50.5644,,,,,8.11
65074,118.7099,-45.6641,,,,,7.34
64898,118.7135,-31.5348,,,,,7.19
64975,118.7193,-38.4200,,,,,7.44
65273,118.7223,-57.3028,,,,,5.62
64951,118.7469,-35.3253,,,,,9.08
65189,118.7518,-52.5833,,,,,6.36
64926,118.7605,-31.0991,,,,,8.6
65250,118.7649,-54.6415,,,,,7.81
64974,118.8077,-30.9176,,,,,6.45
65090,118.8106,-42.5494,,,,,8.72
65249,118.8156,-52.9023,,,,,6.99
65188,118.8502,-47.3131,,,,,7.09
65297,118.8511,-53.6229,,,,,7.8
65187,118.8573,-46.6659,,,,,7.82
65295,118.8941,-50.7090,,,,,9.02
65147,118.9304,-38.3368,,,,,7.99
65272,118.9367,-48.0418,,,,,9.42
65211,118.9441,-43.8451,,,,,6.02
65731,118.9579,-64.7100,,,,,9.15
65270,118.9589,-45.9801,,,,,6.74
65578,118.9609,-61.1692,,,,,8.17
65623,118.9673,-62.3468,,,,,9.01
65237,118.9706,-43.3029,,,,,9.61
65248,118.9824,-44.6205,,,,,7.44
65909,119.0125,-68.9547,,,,,8.87
65362,119.0190,-49.0004,,,,,8.6
65599,119.0201,-60.2427,,,,,8.87
65360,119.0382,-47.3164,,,,,8.35
65425,119.0481,-51.3384,,,,,6.77
65493,119.0589,-54.3627,,,,,8.12
65289,119.0618,-43.2239,,,,,8.92
65663,119.0657,-61.0994,,,,,6.73
66010,119.0684,-69.6461,,,,,8.44
65662,119.0777,-60.5264,,,,,5.74
65424,119.0867,-49.9820,,,,,7.72
65183,119.0947,-30.2846,,,,,6.28
65315,119.1005,-40.7362,,,,,6.78
65314,119.1110,-40.5818,,,,,8.8
65332,119.1184,-41.9198,,,,,8.66
65969,119.1381,-67.7727,,,,,8.43
65897,119.1587,-65.6139,,,,,8.84
65383,119.1621,-43.2783,,,,,9.26
65515,119.2036,-48.6448,,,,,8.48
65750,119.2123,-59.1258,,,,,7.06
65690,119.2177,-56.4831,,,,,8.31
65355,119.2295,-36.9073,,,,,8.51
65710,119.2391,-57.4306,,,,,7.46
65460,119.2409,-43.5004,,,,,5.36
65442,119.2409,-42.4065,,,,,6.09
65553,119.2466,-49.2649,,,,,7.06
65354,119.2626,-34.3784,,,,,6.86
65378,119.2860,-33.2499,,,,,7.31
65439,119.2888,-39.0380,,,,,8.87
65640,119.2899,-51.0848,,,,,9.14
65402,119.2994,-35.3777,,,,,8.23
65908,119.3032,-63.2968,,,,,6.14
66043,119.3041,-66.7685,,,,,8.79
65551,119.3268,-44.1099,,,,,5.08
65598,119.3336,-47.8907,,,,,6.21
65951,119.3397,-63.7122,,,,,8.18
65622,119.3668,-46.3266,,,,,7.08
65621,119.3771,-46.0072,,,,,9.24
65896,119.3823,-60.6309,,,,,9.17
65550,119.3972,-38.9248,,,,,8.37
65658,119.4086,-46.5933,,,,,7.23
66110,119.4232,-65.9087,,,,,6.69
65852,119.4270,-57.4792,,,,,7.41
65950,119.4384,-60.9265,,,,,6.86
65592,119.4403,-40.1234,,,,,7.36
65907,119.4442,-60.3031,,,,,5.59
65616,119.4464,-41.5357,,,,,7.22
65949,119.4486,-60.6097,,,,,8.38
65533,119.4537,-34.9284,,,,,7.82
65685,119.4655,-45.5777,,,,,5.14
65656,119.4772,-41.6412,,,,,7.54
65638,119.4783,-40.7844,,,,,6.46
66030,119.4814,-62.0649,,,,,9.06
65820,119.4947,-52.2941,,,,,7.61
65774,119.5037,-49.0200,,,,,8.78
65987,119.5121,-60.6148,,,,,7.62
65708,119.5147,-43.8805,,,,,8.93
65615,119.5201,-37.5801,,,,,7.48
65570,119.5279,-31.2516,,,,,8.84
65683,119.5505,-39.6131,,,,,8.0
66109,119.5730,-63.1316,,,,,8.19
65867,119.5894,-51.4485,,,,,6.44
66042,119.5914,-59.6975,,,,,7.84
66066,119.5930,-60.8577,,,,,6.73
65817,119.6285,-47.3921,,,,,8.24
66343,119.6349,-66.7745,,,,,8.28
65722,119.6365,-36.6346,,,,,8.32
65721,119.6540,-34.9448,,,,,7.95
65723,119.6570,-37.0205,,,,,6.99
65895,119.6898,-48.1405,,,,,8.45
65905,119.7098,-47.6829,,,,,7.28
66194,119.7107,-60.8245,,,,,5.77
66041,119.7148,-56.0138,,,,,9.04
65849,119.7441,-40.9009,,,,,8.5
65743,119.7505,-30.3403,,,,,9.14
65930,119.7531,-48.3763,,,,,6.84
65904,119.7575,-45.2158,,,,,5.98
66064,119.7696,-54.5469,,,,,7.82
65891,119.7794,-41.5866,,,,,8.5
65848,119.7817,-39.4203,,,,,7.24
65831,119.7822,-38.0510,,,,,7.27
66027,119.7928,-51.4659,,,,,7.34
65795,119.7997,-31.0765,,,,,8.19
66005,119.8013,-49.9769,,,,,6.35
66006,119.8065,-49.9738,,,,,6.37
66040,119.8084,-52.1515,,,,,9.23
66080,119.8433,-52.5429,,,,,7.45
66022,119.8459,-49.1199,,,,,8.68
66659,119.8659,-69.1520,,,,,9.09
65925,119.8683,-39.2969,,,,,5.22
65888,119.8776,-37.3024,,,,,7.43
66482,119.8923,-65.4361,,,,,8.97
65966,119.8928,-40.7525,,,,,7.7
66342,119.9064,-60.5871,,,,,5.19
65982,119.9068,-43.2989,,,,,8.28
66341,119.9170,-60.2074,,,,,6.3
66061,119.9240,-48.2794,,,,,7.67
65981,119.9335,-39.9840,,,,,9.0
66060,119.9372,-46.9030,,,,,9.17
66079,119.9414,-47.3035,,,,,6.71
66340,119.9484,-59.2122,,,,,9.25
65887,119.9545,-30.4124,,,,,7.63
66078,119.9763,-46.1682,,,,,8.02
65924,119.9791,-31.9853,,,,,8.45
65923,119.9880,-30.3756,,,,,7.53
66039,119.9949,-41.7041,,,,,7.72
65962,119.9994,-35.4994,,,,,8.25
